TAZ,COUNTY
1,San Francisco
2,San Francisco
3,San Francisco
4,San Francisco
5,San Francisco
6,San Francisco
7,San Francisco
8,San Francisco
9,San Francisco
10,San Francisco
11,San Francisco
12,San Francisco
13,San Francisco
14,San Francisco
15,San Francisco
16,San Francisco
17,San Francisco
18,San Francisco
19,San Francisco
20,San Francisco
21,San Francisco
22,San Francisco
23,San Francisco
24,San Francisco
25,San Francisco
26,San Francisco
27,San Francisco
28,San Francisco
29,San Francisco
30,San Francisco
31,San Francisco
32,San Francisco
33,San Francisco
34,San Francisco
35,San Francisco
36,San Francisco
37,San Francisco
38,San Francisco
39,San Francisco
40,San Francisco
41,San Francisco
42,San Francisco
43,San Francisco
44,San Francisco
45,San Francisco
46,San Francisco
47,San Francisco
48,San Francisco
49,San Francisco
50,San Francisco
51,San Francisco
52,San Francisco
53,San Francisco
54,San Francisco
55,San Francisco
56,San Francisco
57,San Francisco
58,San Francisco
59,San Francisco
60,San Francisco
61,San Francisco
62,San Francisco
63,San Francisco
64,San Francisco
65,San Francisco
66,San Francisco
67,San Francisco
68,San Francisco
69,San Francisco
70,San Francisco
71,San Francisco
72,San Francisco
73,San Francisco
74,San Francisco
75,San Francisco
76,San Francisco
77,San Francisco
78,San Francisco
79,San Francisco
80,San Francisco
81,San Francisco
82,San Francisco
83,San Francisco
84,San Francisco
85,San Francisco
86,San Francisco
87,San Francisco
88,San Francisco
89,San Francisco
90,San Francisco
91,San Francisco
92,San Francisco
93,San Francisco
94,San Francisco
95,San Francisco
96,San Francisco
97,San Francisco
98,San Francisco
99,San Francisco
100,San Francisco
101,San Francisco
102,San Francisco
103,San Francisco
104,San Francisco
105,San Francisco
106,San Francisco
107,San Francisco
108,San Francisco
109,San Francisco
110,San Francisco
111,San Francisco
112,San Francisco
113,San Francisco
114,San Francisco
115,San Francisco
116,San Francisco
117,San Francisco
118,San Francisco
119,San Francisco
120,San Francisco
121,San Francisco
122,San Francisco
123,San Francisco
124,San Francisco
125,San Francisco
126,San Francisco
127,San Francisco
128,San Francisco
129,San Francisco
130,San Francisco
131,San Francisco
132,San Francisco
133,San Francisco
134,San Francisco
135,San Francisco
136,San Francisco
137,San Francisco
138,San Francisco
139,San Francisco
140,San Francisco
141,San Francisco
142,San Francisco
143,San Francisco
144,San Francisco
145,San Francisco
146,San Francisco
147,San Francisco
148,San Francisco
149,San Francisco
150,San Francisco
151,San Francisco
152,San Francisco
153,San Francisco
154,San Francisco
155,San Francisco
156,San Francisco
157,San Francisco
158,San Francisco
159,San Francisco
160,San Francisco
161,San Francisco
162,San Francisco
163,San Francisco
164,San Francisco
165,San Francisco
166,San Francisco
167,San Francisco
168,San Francisco
169,San Francisco
170,San Francisco
171,San Francisco
172,San Francisco
173,San Francisco
174,San Francisco
175,San Francisco
176,San Francisco
177,San Francisco
178,San Francisco
179,San Francisco
180,San Francisco
181,San Francisco
182,San Francisco
183,San Francisco
184,San Francisco
185,San Francisco
186,San Francisco
187,San Francisco
188,San Francisco
189,San Francisco
190,San Francisco
191,San Mateo
192,San Mateo
193,San Mateo
194,San Mateo
195,San Mateo
196,San Mateo
197,San Mateo
198,San Mateo
199,San Mateo
200,San Mateo
201,San Mateo
202,San Mateo
203,San Mateo
204,San Mateo
205,San Mateo
206,San Mateo
207,San Mateo
208,San Mateo
209,San Mateo
210,San Mateo
211,San Mateo
212,San Mateo
213,San Mateo
214,San Mateo
215,San Mateo
216,San Mateo
217,San Mateo
218,San Mateo
219,San Mateo
220,San Mateo
221,San Mateo
222,San Mateo
223,San Mateo
224,San Mateo
225,San Mateo
226,San Mateo
227,San Mateo
228,San Mateo
229,San Mateo
230,San Mateo
231,San Mateo
232,San Mateo
233,San Mateo
234,San Mateo
235,San Mateo
236,San Mateo
237,San Mateo
238,San Mateo
239,San Mateo
240,San Mateo
241,San Mateo
242,San Mateo
243,San Mateo
244,San Mateo
245,San Mateo
246,San Mateo
247,San Mateo
248,San Mateo
249,San Mateo
250,San Mateo
251,San Mateo
252,San Mateo
253,San Mateo
254,San Mateo
255,San Mateo
256,San Mateo
257,San Mateo
258,San Mateo
259,San Mateo
260,San Mateo
261,San Mateo
262,San Mateo
263,San Mateo
264,San Mateo
265,San Mateo
266,San Mateo
267,San Mateo
268,San Mateo
269,San Mateo
270,San Mateo
271,San Mateo
272,San Mateo
273,San Mateo
274,San Mateo
275,San Mateo
276,San Mateo
277,San Mateo
278,San Mateo
279,San Mateo
280,San Mateo
281,San Mateo
282,San Mateo
283,San Mateo
284,San Mateo
285,San Mateo
286,San Mateo
287,San Mateo
288,San Mateo
289,San Mateo
290,San Mateo
291,San Mateo
292,San Mateo
293,San Mateo
294,San Mateo
295,San Mateo
296,San Mateo
297,San Mateo
298,San Mateo
299,San Mateo
300,San Mateo
301,San Mateo
302,San Mateo
303,San Mateo
304,San Mateo
305,San Mateo
306,San Mateo
307,San Mateo
308,San Mateo
309,San Mateo
310,San Mateo
311,San Mateo
312,San Mateo
313,San Mateo
314,San Mateo
315,San Mateo
316,San Mateo
317,San Mateo
318,San Mateo
319,San Mateo
320,San Mateo
321,San Mateo
322,San Mateo
323,San Mateo
324,San Mateo
325,San Mateo
326,San Mateo
327,San Mateo
328,San Mateo
329,San Mateo
330,San Mateo
331,San Mateo
332,San Mateo
333,San Mateo
334,San Mateo
335,San Mateo
336,San Mateo
337,San Mateo
338,San Mateo
339,San Mateo
340,San Mateo
341,San Mateo
342,San Mateo
343,San Mateo
344,San Mateo
345,San Mateo
346,San Mateo
347,Santa Clara
348,Santa Clara
349,Santa Clara
350,Santa Clara
351,Santa Clara
352,Santa Clara
353,Santa Clara
354,Santa Clara
355,Santa Clara
356,Santa Clara
357,Santa Clara
358,Santa Clara
359,Santa Clara
360,Santa Clara
361,Santa Clara
362,Santa Clara
363,Santa Clara
364,Santa Clara
365,Santa Clara
366,Santa Clara
367,Santa Clara
368,Santa Clara
369,Santa Clara
370,Santa Clara
371,Santa Clara
372,Santa Clara
373,Santa Clara
374,Santa Clara
375,Santa Clara
376,Santa Clara
377,Santa Clara
378,Santa Clara
379,Santa Clara
380,Santa Clara
381,Santa Clara
382,Santa Clara
383,Santa Clara
384,Santa Clara
385,Santa Clara
386,Santa Clara
387,Santa Clara
388,Santa Clara
389,Santa Clara
390,Santa Clara
391,Santa Clara
392,Santa Clara
393,Santa Clara
394,Santa Clara
395,Santa Clara
396,Santa Clara
397,Santa Clara
398,Santa Clara
399,Santa Clara
400,Santa Clara
401,Santa Clara
402,Santa Clara
403,Santa Clara
404,Santa Clara
405,Santa Clara
406,Santa Clara
407,Santa Clara
408,Santa Clara
409,Santa Clara
410,Santa Clara
411,Santa Clara
412,Santa Clara
413,Santa Clara
414,Santa Clara
415,Santa Clara
416,Santa Clara
417,Santa Clara
418,Santa Clara
419,Santa Clara
420,Santa Clara
421,Santa Clara
422,Santa Clara
423,Santa Clara
424,Santa Clara
425,Santa Clara
426,Santa Clara
427,Santa Clara
428,Santa Clara
429,Santa Clara
430,Santa Clara
431,Santa Clara
432,Santa Clara
433,Santa Clara
434,Santa Clara
435,Santa Clara
436,Santa Clara
437,Santa Clara
438,Santa Clara
439,Santa Clara
440,Santa Clara
441,Santa Clara
442,Santa Clara
443,Santa Clara
444,Santa Clara
445,Santa Clara
446,Santa Clara
447,Santa Clara
448,Santa Clara
449,Santa Clara
450,Santa Clara
451,Santa Clara
452,Santa Clara
453,Santa Clara
454,Santa Clara
455,Santa Clara
456,Santa Clara
457,Santa Clara
458,Santa Clara
459,Santa Clara
460,Santa Clara
461,Santa Clara
462,Santa Clara
463,Santa Clara
464,Santa Clara
465,Santa Clara
466,Santa Clara
467,Santa Clara
468,Santa Clara
469,Santa Clara
470,Santa Clara
471,Santa Clara
472,Santa Clara
473,Santa Clara
474,Santa Clara
475,Santa Clara
476,Santa Clara
477,Santa Clara
478,Santa Clara
479,Santa Clara
480,Santa Clara
481,Santa Clara
482,Santa Clara
483,Santa Clara
484,Santa Clara
485,Santa Clara
486,Santa Clara
487,Santa Clara
488,Santa Clara
489,Santa Clara
490,Santa Clara
491,Santa Clara
492,Santa Clara
493,Santa Clara
494,Santa Clara
495,Santa Clara
496,Santa Clara
497,Santa Clara
498,Santa Clara
499,Santa Clara
500,Santa Clara
501,Santa Clara
502,Santa Clara
503,Santa Clara
504,Santa Clara
505,Santa Clara
506,Santa Clara
507,Santa Clara
508,Santa Clara
509,Santa Clara
510,Santa Clara
511,Santa Clara
512,Santa Clara
513,Santa Clara
514,Santa Clara
515,Santa Clara
516,Santa Clara
517,Santa Clara
518,Santa Clara
519,Santa Clara
520,Santa Clara
521,Santa Clara
522,Santa Clara
523,Santa Clara
524,Santa Clara
525,Santa Clara
526,Santa Clara
527,Santa Clara
528,Santa Clara
529,Santa Clara
530,Santa Clara
531,Santa Clara
532,Santa Clara
533,Santa Clara
534,Santa Clara
535,Santa Clara
536,Santa Clara
537,Santa Clara
538,Santa Clara
539,Santa Clara
540,Santa Clara
541,Santa Clara
542,Santa Clara
543,Santa Clara
544,Santa Clara
545,Santa Clara
546,Santa Clara
547,Santa Clara
548,Santa Clara
549,Santa Clara
550,Santa Clara
551,Santa Clara
552,Santa Clara
553,Santa Clara
554,Santa Clara
555,Santa Clara
556,Santa Clara
557,Santa Clara
558,Santa Clara
559,Santa Clara
560,Santa Clara
561,Santa Clara
562,Santa Clara
563,Santa Clara
564,Santa Clara
565,Santa Clara
566,Santa Clara
567,Santa Clara
568,Santa Clara
569,Santa Clara
570,Santa Clara
571,Santa Clara
572,Santa Clara
573,Santa Clara
574,Santa Clara
575,Santa Clara
576,Santa Clara
577,Santa Clara
578,Santa Clara
579,Santa Clara
580,Santa Clara
581,Santa Clara
582,Santa Clara
583,Santa Clara
584,Santa Clara
585,Santa Clara
586,Santa Clara
587,Santa Clara
588,Santa Clara
589,Santa Clara
590,Santa Clara
591,Santa Clara
592,Santa Clara
593,Santa Clara
594,Santa Clara
595,Santa Clara
596,Santa Clara
597,Santa Clara
598,Santa Clara
599,Santa Clara
600,Santa Clara
601,Santa Clara
602,Santa Clara
603,Santa Clara
604,Santa Clara
605,Santa Clara
606,Santa Clara
607,Santa Clara
608,Santa Clara
609,Santa Clara
610,Santa Clara
611,Santa Clara
612,Santa Clara
613,Santa Clara
614,Santa Clara
615,Santa Clara
616,Santa Clara
617,Santa Clara
618,Santa Clara
619,Santa Clara
620,Santa Clara
621,Santa Clara
622,Santa Clara
623,Santa Clara
624,Santa Clara
625,Santa Clara
626,Santa Clara
627,Santa Clara
628,Santa Clara
629,Santa Clara
630,Santa Clara
631,Santa Clara
632,Santa Clara
633,Santa Clara
634,Santa Clara
635,Santa Clara
636,Santa Clara
637,Santa Clara
638,Santa Clara
639,Santa Clara
640,Santa Clara
641,Santa Clara
642,Santa Clara
643,Santa Clara
644,Santa Clara
645,Santa Clara
646,Santa Clara
647,Santa Clara
648,Santa Clara
649,Santa Clara
650,Santa Clara
651,Santa Clara
652,Santa Clara
653,Santa Clara
654,Santa Clara
655,Santa Clara
656,Santa Clara
657,Santa Clara
658,Santa Clara
659,Santa Clara
660,Santa Clara
661,Santa Clara
662,Santa Clara
663,Santa Clara
664,Santa Clara
665,Santa Clara
666,Santa Clara
667,Santa Clara
668,Santa Clara
669,Santa Clara
670,Santa Clara
671,Santa Clara
672,Santa Clara
673,Santa Clara
674,Santa Clara
675,Santa Clara
676,Santa Clara
677,Santa Clara
678,Santa Clara
679,Santa Clara
680,Santa Clara
681,Santa Clara
682,Santa Clara
683,Santa Clara
684,Santa Clara
685,Santa Clara
686,Santa Clara
687,Santa Clara
688,Santa Clara
689,Santa Clara
690,Santa Clara
691,Santa Clara
692,Santa Clara
693,Santa Clara
694,Santa Clara
695,Santa Clara
696,Santa Clara
697,Santa Clara
698,Santa Clara
699,Santa Clara
700,Santa Clara
701,Santa Clara
702,Santa Clara
703,Santa Clara
704,Santa Clara
705,Santa Clara
706,Santa Clara
707,Santa Clara
708,Santa Clara
709,Santa Clara
710,Santa Clara
711,Santa Clara
712,Santa Clara
713,Santa Clara
714,Santa Clara
715,Alameda
716,Alameda
717,Alameda
718,Alameda
719,Alameda
720,Alameda
721,Alameda
722,Alameda
723,Alameda
724,Alameda
725,Alameda
726,Alameda
727,Alameda
728,Alameda
729,Alameda
730,Alameda
731,Alameda
732,Alameda
733,Alameda
734,Alameda
735,Alameda
736,Alameda
737,Alameda
738,Alameda
739,Alameda
740,Alameda
741,Alameda
742,Alameda
743,Alameda
744,Alameda
745,Alameda
746,Alameda
747,Alameda
748,Alameda
749,Alameda
750,Alameda
751,Alameda
752,Alameda
753,Alameda
754,Alameda
755,Alameda
756,Alameda
757,Alameda
758,Alameda
759,Alameda
760,Alameda
761,Alameda
762,Alameda
763,Alameda
764,Alameda
765,Alameda
766,Alameda
767,Alameda
768,Alameda
769,Alameda
770,Alameda
771,Alameda
772,Alameda
773,Alameda
774,Alameda
775,Alameda
776,Alameda
777,Alameda
778,Alameda
779,Alameda
780,Alameda
781,Alameda
782,Alameda
783,Alameda
784,Alameda
785,Alameda
786,Alameda
787,Alameda
788,Alameda
789,Alameda
790,Alameda
791,Alameda
792,Alameda
793,Alameda
794,Alameda
795,Alameda
796,Alameda
797,Alameda
798,Alameda
799,Alameda
800,Alameda
801,Alameda
802,Alameda
803,Alameda
804,Alameda
805,Alameda
806,Alameda
807,Alameda
808,Alameda
809,Alameda
810,Alameda
811,Alameda
812,Alameda
813,Alameda
814,Alameda
815,Alameda
816,Alameda
817,Alameda
818,Alameda
819,Alameda
820,Alameda
821,Alameda
822,Alameda
823,Alameda
824,Alameda
825,Alameda
826,Alameda
827,Alameda
828,Alameda
829,Alameda
830,Alameda
831,Alameda
832,Alameda
833,Alameda
834,Alameda
835,Alameda
836,Alameda
837,Alameda
838,Alameda
839,Alameda
840,Alameda
841,Alameda
842,Alameda
843,Alameda
844,Alameda
845,Alameda
846,Alameda
847,Alameda
848,Alameda
849,Alameda
850,Alameda
851,Alameda
852,Alameda
853,Alameda
854,Alameda
855,Alameda
856,Alameda
857,Alameda
858,Alameda
859,Alameda
860,Alameda
861,Alameda
862,Alameda
863,Alameda
864,Alameda
865,Alameda
866,Alameda
867,Alameda
868,Alameda
869,Alameda
870,Alameda
871,Alameda
872,Alameda
873,Alameda
874,Alameda
875,Alameda
876,Alameda
877,Alameda
878,Alameda
879,Alameda
880,Alameda
881,Alameda
882,Alameda
883,Alameda
884,Alameda
885,Alameda
886,Alameda
887,Alameda
888,Alameda
889,Alameda
890,Alameda
891,Alameda
892,Alameda
893,Alameda
894,Alameda
895,Alameda
896,Alameda
897,Alameda
898,Alameda
899,Alameda
900,Alameda
901,Alameda
902,Alameda
903,Alameda
904,Alameda
905,Alameda
906,Alameda
907,Alameda
908,Alameda
909,Alameda
910,Alameda
911,Alameda
912,Alameda
913,Alameda
914,Alameda
915,Alameda
916,Alameda
917,Alameda
918,Alameda
919,Alameda
920,Alameda
921,Alameda
922,Alameda
923,Alameda
924,Alameda
925,Alameda
926,Alameda
927,Alameda
928,Alameda
929,Alameda
930,Alameda
931,Alameda
932,Alameda
933,Alameda
934,Alameda
935,Alameda
936,Alameda
937,Alameda
938,Alameda
939,Alameda
940,Alameda
941,Alameda
942,Alameda
943,Alameda
944,Alameda
945,Alameda
946,Alameda
947,Alameda
948,Alameda
949,Alameda
950,Alameda
951,Alameda
952,Alameda
953,Alameda
954,Alameda
955,Alameda
956,Alameda
957,Alameda
958,Alameda
959,Alameda
960,Alameda
961,Alameda
962,Alameda
963,Alameda
964,Alameda
965,Alameda
966,Alameda
967,Alameda
968,Alameda
969,Alameda
970,Alameda
971,Alameda
972,Alameda
973,Alameda
974,Alameda
975,Alameda
976,Alameda
977,Alameda
978,Alameda
979,Alameda
980,Alameda
981,Alameda
982,Alameda
983,Alameda
984,Alameda
985,Alameda
986,Alameda
987,Alameda
988,Alameda
989,Alameda
990,Alameda
991,Alameda
992,Alameda
993,Alameda
994,Alameda
995,Alameda
996,Alameda
997,Alameda
998,Alameda
999,Alameda
1000,Alameda
1001,Alameda
1002,Alameda
1003,Alameda
1004,Alameda
1005,Alameda
1006,Alameda
1007,Alameda
1008,Alameda
1009,Alameda
1010,Alameda
1011,Alameda
1012,Alameda
1013,Alameda
1014,Alameda
1015,Alameda
1016,Alameda
1017,Alameda
1018,Alameda
1019,Alameda
1020,Alameda
1021,Alameda
1022,Alameda
1023,Alameda
1024,Alameda
1025,Alameda
1026,Alameda
1027,Alameda
1028,Alameda
1029,Alameda
1030,Alameda
1031,Alameda
1032,Alameda
1033,Alameda
1034,Alameda
1035,Alameda
1036,Alameda
1037,Alameda
1038,Alameda
1039,Alameda
1040,Contra Costa
1041,Contra Costa
1042,Contra Costa
1043,Contra Costa
1044,Contra Costa
1045,Contra Costa
1046,Contra Costa
1047,Contra Costa
1048,Contra Costa
1049,Contra Costa
1050,Contra Costa
1051,Contra Costa
1052,Contra Costa
1053,Contra Costa
1054,Contra Costa
1055,Contra Costa
1056,Contra Costa
1057,Contra Costa
1058,Contra Costa
1059,Contra Costa
1060,Contra Costa
1061,Contra Costa
1062,Contra Costa
1063,Contra Costa
1064,Contra Costa
1065,Contra Costa
1066,Contra Costa
1067,Contra Costa
1068,Contra Costa
1069,Contra Costa
1070,Contra Costa
1071,Contra Costa
1072,Contra Costa
1073,Contra Costa
1074,Contra Costa
1075,Contra Costa
1076,Contra Costa
1077,Contra Costa
1078,Contra Costa
1079,Contra Costa
1080,Contra Costa
1081,Contra Costa
1082,Contra Costa
1083,Contra Costa
1084,Contra Costa
1085,Contra Costa
1086,Contra Costa
1087,Contra Costa
1088,Contra Costa
1089,Contra Costa
1090,Contra Costa
1091,Contra Costa
1092,Contra Costa
1093,Contra Costa
1094,Contra Costa
1095,Contra Costa
1096,Contra Costa
1097,Contra Costa
1098,Contra Costa
1099,Contra Costa
1100,Contra Costa
1101,Contra Costa
1102,Contra Costa
1103,Contra Costa
1104,Contra Costa
1105,Contra Costa
1106,Contra Costa
1107,Contra Costa
1108,Contra Costa
1109,Contra Costa
1110,Contra Costa
1111,Contra Costa
1112,Contra Costa
1113,Contra Costa
1114,Contra Costa
1115,Contra Costa
1116,Contra Costa
1117,Contra Costa
1118,Contra Costa
1119,Contra Costa
1120,Contra Costa
1121,Contra Costa
1122,Contra Costa
1123,Contra Costa
1124,Contra Costa
1125,Contra Costa
1126,Contra Costa
1127,Contra Costa
1128,Contra Costa
1129,Contra Costa
1130,Contra Costa
1131,Contra Costa
1132,Contra Costa
1133,Contra Costa
1134,Contra Costa
1135,Contra Costa
1136,Contra Costa
1137,Contra Costa
1138,Contra Costa
1139,Contra Costa
1140,Contra Costa
1141,Contra Costa
1142,Contra Costa
1143,Contra Costa
1144,Contra Costa
1145,Contra Costa
1146,Contra Costa
1147,Contra Costa
1148,Contra Costa
1149,Contra Costa
1150,Contra Costa
1151,Contra Costa
1152,Contra Costa
1153,Contra Costa
1154,Contra Costa
1155,Contra Costa
1156,Contra Costa
1157,Contra Costa
1158,Contra Costa
1159,Contra Costa
1160,Contra Costa
1161,Contra Costa
1162,Contra Costa
1163,Contra Costa
1164,Contra Costa
1165,Contra Costa
1166,Contra Costa
1167,Contra Costa
1168,Contra Costa
1169,Contra Costa
1170,Contra Costa
1171,Contra Costa
1172,Contra Costa
1173,Contra Costa
1174,Contra Costa
1175,Contra Costa
1176,Contra Costa
1177,Contra Costa
1178,Contra Costa
1179,Contra Costa
1180,Contra Costa
1181,Contra Costa
1182,Contra Costa
1183,Contra Costa
1184,Contra Costa
1185,Contra Costa
1186,Contra Costa
1187,Contra Costa
1188,Contra Costa
1189,Contra Costa
1190,Contra Costa
1191,Contra Costa
1192,Contra Costa
1193,Contra Costa
1194,Contra Costa
1195,Contra Costa
1196,Contra Costa
1197,Contra Costa
1198,Contra Costa
1199,Contra Costa
1200,Contra Costa
1201,Contra Costa
1202,Contra Costa
1203,Contra Costa
1204,Contra Costa
1205,Contra Costa
1206,Contra Costa
1207,Contra Costa
1208,Contra Costa
1209,Contra Costa
1210,Contra Costa
1211,Solano
1212,Solano
1213,Solano
1214,Solano
1215,Solano
1216,Solano
1217,Solano
1218,Solano
1219,Solano
1220,Solano
1221,Solano
1222,Solano
1223,Solano
1224,Solano
1225,Solano
1226,Solano
1227,Solano
1228,Solano
1229,Solano
1230,Solano
1231,Solano
1232,Solano
1233,Solano
1234,Solano
1235,Solano
1236,Solano
1237,Solano
1238,Solano
1239,Solano
1240,Solano
1241,Solano
1242,Solano
1243,Solano
1244,Solano
1245,Solano
1246,Solano
1247,Solano
1248,Solano
1249,Solano
1250,Solano
1251,Solano
1252,Solano
1253,Solano
1254,Solano
1255,Solano
1256,Solano
1257,Solano
1258,Solano
1259,Solano
1260,Solano
1261,Solano
1262,Solano
1263,Solano
1264,Solano
1265,Solano
1266,Solano
1267,Solano
1268,Solano
1269,Solano
1270,Solano
1271,Solano
1272,Solano
1273,Solano
1274,Solano
1275,Solano
1276,Solano
1277,Solano
1278,Solano
1279,Solano
1280,Solano
1281,Solano
1282,Solano
1283,Solano
1284,Solano
1285,Solano
1286,Solano
1287,Solano
1288,Solano
1289,Solano
1290,Solano
1291,Napa
1292,Napa
1293,Napa
1294,Napa
1295,Napa
1296,Napa
1297,Napa
1298,Napa
1299,Napa
1300,Napa
1301,Napa
1302,Napa
1303,Napa
1304,Napa
1305,Napa
1306,Napa
1307,Napa
1308,Napa
1309,Napa
1310,Napa
1311,Napa
1312,Napa
1313,Napa
1314,Napa
1315,Napa
1316,Napa
1317,Napa
1318,Sonoma
1319,Sonoma
1320,Sonoma
1321,Sonoma
1322,Sonoma
1323,Sonoma
1324,Sonoma
1325,Sonoma
1326,Sonoma
1327,Sonoma
1328,Sonoma
1329,Sonoma
1330,Sonoma
1331,Sonoma
1332,Sonoma
1333,Sonoma
1334,Sonoma
1335,Sonoma
1336,Sonoma
1337,Sonoma
1338,Sonoma
1339,Sonoma
1340,Sonoma
1341,Sonoma
1342,Sonoma
1343,Sonoma
1344,Sonoma
1345,Sonoma
1346,Sonoma
1347,Sonoma
1348,Sonoma
1349,Sonoma
1350,Sonoma
1351,Sonoma
1352,Sonoma
1353,Sonoma
1354,Sonoma
1355,Sonoma
1356,Sonoma
1357,Sonoma
1358,Sonoma
1359,Sonoma
1360,Sonoma
1361,Sonoma
1362,Sonoma
1363,Sonoma
1364,Sonoma
1365,Sonoma
1366,Sonoma
1367,Sonoma
1368,Sonoma
1369,Sonoma
1370,Sonoma
1371,Sonoma
1372,Sonoma
1373,Sonoma
1374,Sonoma
1375,Sonoma
1376,Sonoma
1377,Sonoma
1378,Sonoma
1379,Sonoma
1380,Sonoma
1381,Sonoma
1382,Sonoma
1383,Sonoma
1384,Sonoma
1385,Sonoma
1386,Sonoma
1387,Sonoma
1388,Sonoma
1389,Sonoma
1390,Sonoma
1391,Sonoma
1392,Sonoma
1393,Sonoma
1394,Sonoma
1395,Sonoma
1396,Sonoma
1397,Sonoma
1398,Sonoma
1399,Sonoma
1400,Sonoma
1401,Sonoma
1402,Sonoma
1403,Sonoma
1404,Marin
1405,Marin
1406,Marin
1407,Marin
1408,Marin
1409,Marin
1410,Marin
1411,Marin
1412,Marin
1413,Marin
1414,Marin
1415,Marin
1416,Marin
1417,Marin
1418,Marin
1419,Marin
1420,Marin
1421,Marin
1422,Marin
1423,Marin
1424,Marin
1425,Marin
1426,Marin
1427,Marin
1428,Marin
1429,Marin
1430,Marin
1431,Marin
1432,Marin
1433,Marin
1434,Marin
1435,Marin
1436,Marin
1437,Marin
1438,Marin
1439,Marin
1440,Marin
1441,Marin
1442,Marin
1443,Marin
1444,Marin
1445,Marin
1446,Marin
1447,Marin
1448,Marin
1449,Marin
1450,Marin
1451,Marin
1452,Marin
1453,Marin
1454,Marin
