"","survey","year","survey_name","canonical_name","canonical_operator"
"1","SFMTA",2014,"AC 1 Berkeley BART to Bay Fair BART","1 Berkeley BART to Bay Fair BART","AC Transit"
"2","SFMTA",2014,"AC 11 Dimond District Oakland","11 Dimond District Oakland","AC Transit"
"3","SFMTA",2014,"AC 12 Berkeley BART to Downtown Oakland","12 Berkeley BART to Downtown Oakland","AC Transit"
"4","SFMTA",2014,"AC 14 Downtown Oakland to Fruitvale BART","14 Downtown Oakland to Fruitvale BART","AC Transit"
"5","SFMTA",2014,"AC 18 University Village Albany to Montclair","18 University Village Albany to Montclair","AC Transit"
"6","SFMTA",2014,"AC 20 Dimond District Oakland to downtown Oakland","20 Dimond District Oakland to downtown Oakland","AC Transit"
"7","SFMTA",2014,"AC 200 Union City BART Fremont BART","200 Union City BART Fremont BART","AC Transit"
"8","SFMTA",2014,"AC 212 Fremont BART to NewPark Mall","212 Fremont BART to NewPark Mall","AC Transit"
"9","SFMTA",2014,"AC 217 Fremont BART to Great Mall","217 Fremont BART to Great Mall","AC Transit"
"10","SFMTA",2014,"AC 22 Hayward BART","22 Hayward BART","AC Transit"
"11","SFMTA",2014,"AC 239 Fremont BART to Warm Springs Blvd. & Dixon Landing Rd.","239 Fremont BART to Warm Springs Blvd. & Dixon Landing Rd.","AC Transit"
"12","SFMTA",2014,"AC 26 Emery Bay Public Market to Lakeshore Ave.","26 Emery Bay Public Market to Lakeshore Ave.","AC Transit"
"13","SFMTA",2014,"AC 376 El Cerrito Del Norte BART to Richmond Parkway Transit Center","376 El Cerrito Del Norte BART to Richmond Parkway Transit Center","AC Transit"
"14","SFMTA",2014,"AC 386 Hayward BART to Sabre St. & Mack St. (AC Transit Hayward Division)","386 Hayward BART to Sabre St. & Mack St. (AC Transit Hayward Division)","AC Transit"
"15","SFMTA",2014,"AC 40 Downtown Oakland to Bay Fair BART","40 Downtown Oakland to Bay Fair BART","AC Transit"
"16","SFMTA",2014,"AC 45 Eastmont Transit Center to Foothill Square Oakland","45 Eastmont Transit Center to Foothill Square Oakland","AC Transit"
"17","SFMTA",2014,"AC 46 Coliseum BART to Oakland Zoo","46 Coliseum BART to Oakland Zoo","AC Transit"
"18","SFMTA",2014,"AC 46L Coliseum BART - Mountain - Golf Links Rd - Dunkirk Ave","46L Coliseum BART - Mountain - Golf Links Rd - Dunkirk Ave","AC Transit"
"19","SFMTA",2014,"AC 47 Fruitvale BART to Maxwell Park","47 Fruitvale BART to Maxwell Park","AC Transit"
"20","SFMTA",2014,"AC 48 Hayward BART to Bay Fair BART","48 Hayward BART to Bay Fair BART","AC Transit"
"21","SFMTA",2014,"AC 49 Rockridge BART to Berkeley BART","49 Rockridge BART to Berkeley BART","AC Transit"
"22","SFMTA",2014,"AC 51A Rockridge BART to Fruitvale BART","51A Rockridge BART to Fruitvale BART","AC Transit"
"23","SFMTA",2014,"AC 51B Rockridge BART to Berkeley Amtrak","51B Rockridge BART to Berkeley Amtrak","AC Transit"
"24","SFMTA",2014,"AC 54 Fruitvale BART to Merritt College","54 Fruitvale BART to Merritt College","AC Transit"
"25","SFMTA",2014,"AC 57 Emeryville to Foothill Square Oakland","57 Emeryville to Foothill Square Oakland","AC Transit"
"26","SFMTA",2014,"AC 60 Hayward BART to Cal State East Bay","60 Hayward BART to Cal State East Bay","AC Transit"
"27","SFMTA",2014,"AC 62 West Oakland BART to Fruitvale BART","62 West Oakland BART to Fruitvale BART","AC Transit"
"28","SFMTA",2014,"AC 65 Berkeley BART to Lawrence Hall of Science","65 Berkeley BART to Lawrence Hall of Science","AC Transit"
"29","SFMTA",2014,"AC 7 El Cerrito del Norte BART","7 El Cerrito del Norte BART","AC Transit"
"30","SFMTA",2014,"AC 70 Richmond BART to Richmond Pkwy. Transit Center","70 Richmond BART to Richmond Pkwy. Transit Center","AC Transit"
"31","SFMTA",2014,"AC 72 Hilltop Mall to Oakland Amtrak","72 Hilltop Mall to Oakland Amtrak","AC Transit"
"32","SFMTA",2014,"AC 72M Point Richmond to Oakland Amtrak","72M Point Richmond to Oakland Amtrak","AC Transit"
"33","SFMTA",2014,"AC 72R San Pablo Rapid -- Contra Costa College to Jack London Square","72R San Pablo Rapid -- Contra Costa College to Jack London Square","AC Transit"
"34","SFMTA",2014,"AC 73 Eastmont Transit Center to Oakland Airport","73 Eastmont Transit Center to Oakland Airport","AC Transit"
"35","SFMTA",2014,"AC 74 Marina Bay Richmond to San Pablo Dam Rd. El Sobrante","74 Marina Bay Richmond to San Pablo Dam Rd. El Sobrante","AC Transit"
"36","SFMTA",2014,"AC 75 San Leandro BART to Bay Fair BART","75 San Leandro BART to Bay Fair BART","AC Transit"
"37","SFMTA",2014,"AC 76 El Cerrito del Norte BART to Hilltop Mall","76 El Cerrito del Norte BART to Hilltop Mall","AC Transit"
"38","SFMTA",2014,"AC 800 All Nighter. Richmond BART to Market St. and Van Ness Ave. S.F.","800 All Nighter. Richmond BART to Market St. and Van Ness Ave. S.F.","AC Transit"
"39","SFMTA",2014,"AC 83 Hayward BART to South Hayward BART","83 Hayward BART to South Hayward BART","AC Transit"
"40","SFMTA",2014,"AC 85 San Leandro BART to South Hayward BART","85 San Leandro BART to South Hayward BART","AC Transit"
"41","SFMTA",2014,"AC 851 All Nighter. Downtown Berkeley to Fruitvale BART","851 All Nighter. Downtown Berkeley to Fruitvale BART","AC Transit"
"42","SFMTA",2014,"AC 88 Berkeley BART to Lake Merritt BART","88 Berkeley BART to Lake Merritt BART","AC Transit"
"43","SFMTA",2014,"AC 89 San Leandro BART to Bay Fair BART","89 San Leandro BART to Bay Fair BART","AC Transit"
"44","SFMTA",2014,"AC 97 Bay Fair BART to Union City BART","97 Bay Fair BART to Union City BART","AC Transit"
"45","SFMTA",2014,"AC 98 Coliseum BART Edgewater Dr.","98 Coliseum BART Edgewater Dr.","AC Transit"
"46","SFMTA",2014,"AC 99 Bay Fair BART to Fremont BART","99 Bay Fair BART to Fremont BART","AC Transit"
"47","SFMTA",2014,"AC B Lakeshore Ave. Oakland","B Lakeshore Ave. Oakland","AC Transit"
"48","SFMTA",2014,"AC C Highland Ave. Piedmont","C Highland Ave. Piedmont","AC Transit"
"49","SFMTA",2014,"AC CB Warren Freeway and Broadway Terr. Oakland","CB Warren Freeway and Broadway Terr. Oakland","AC Transit"
"50","SFMTA",2014,"AC E Caldecott Ln. Oakland","E Caldecott Ln. Oakland","AC Transit"
"51","SFMTA",2014,"AC F UC Campus Berkeley","F UC Campus Berkeley","AC Transit"
"52","SFMTA",2014,"AC FS Solano Ave. Berkeley","FS Solano Ave. Berkeley","AC Transit"
"53","SFMTA",2014,"AC G Richmond St. & Potrero St. El Cerrito","G Richmond St. & Potrero St. El Cerrito","AC Transit"
"54","SFMTA",2014,"AC H Barrett Ave. & San Pablo Ave. El Cerrito","H Barrett Ave. & San Pablo Ave. El Cerrito","AC Transit"
"55","SFMTA",2014,"AC J Sacramento St. and University Ave. Berkeley","J Sacramento St. and University Ave. Berkeley","AC Transit"
"56","SFMTA",2014,"AC L San Pablo Dam Rd.","L San Pablo Dam Rd.","AC Transit"
"57","SFMTA",2014,"AC LA Hilltop Dr. Park & Ride","LA Hilltop Dr. Park & Ride","AC Transit"
"58","SFMTA",2014,"AC NL Eastmont Transit Center Oakland","NL Eastmont Transit Center Oakland","AC Transit"
"59","SFMTA",2014,"AC NX Seminary Ave. & MacArthur Blvd.","NX Seminary Ave. & MacArthur Blvd.","AC Transit"
"60","SFMTA",2014,"AC NX1 Fruitvale Ave. & MacArthur Blvd.","NX1 Fruitvale Ave. & MacArthur Blvd.","AC Transit"
"61","SFMTA",2014,"AC NX2 High St. & MacArthur Blvd.","NX2 High St. & MacArthur Blvd.","AC Transit"
"62","SFMTA",2014,"AC NX3 Marlow Dr. & Foothill Way Oakland","NX3 Marlow Dr. & Foothill Way Oakland","AC Transit"
"63","SFMTA",2014,"AC NX4 Castro Valley Park & Ride","NX4 Castro Valley Park & Ride","AC Transit"
"64","SFMTA",2014,"AC O Park Ave. & Encinal Ave. Alameda","O Park Ave. & Encinal Ave. Alameda","AC Transit"
"65","SFMTA",2014,"AC P Highland Ave. & Highland Way Piedmont","P Highland Ave. & Highland Way Piedmont","AC Transit"
"66","SFMTA",2014,"AC S Eden Shores Hayward","S Eden Shores Hayward","AC Transit"
"67","SFMTA",2014,"AC SB Cedar Blvd. & Stevenson Blvd. Newark","SB Cedar Blvd. & Stevenson Blvd. Newark","AC Transit"
"68","SFMTA",2014,"AC V Broadway and Broadway Terr. Oakland","V Broadway and Broadway Terr. Oakland","AC Transit"
"69","SFMTA",2014,"AC W Broadway & Blanding Ave. Alameda","W Broadway & Blanding Ave. Alameda","AC Transit"
"70","SFMTA",2014,"Altamont Commuter Express (ACE) Westbound Stockton/San Jose","Stockton/San Jose","ACE"
"71","SFMTA",2014,"Alcatraz Hornblower Ferry","Hornblower Ferry","Alcatraz"
"72","SFMTA",2014,"Angel Island-Tiburon Ferry","Angel Island-Tiburon Ferry","Angel Island-Tiburon Ferry"
"73","SFMTA",2014,"Apple bus","Shuttle","Apple"
"74","SFMTA",2014,"Blue & Gold Sausalito Ferry","Sausalito Ferry","Blue & Gold"
"75","SFMTA",2014,"Blue & Gold Tiburon Ferry","Tiburon Ferry","Blue & Gold"
"76","SFMTA",2014,"81X-Caltrain Express [ INBOUND ]","81X Caltrain Express","Caltrain"
"77","SFMTA",2014,"81X-Caltrain Express","81X Caltrain Express","Caltrain"
"78","SFMTA",2014,"CALTRAIN","Caltrain","Caltrain"
"79","SFMTA",2014,"Genentech Shuttle (Glen Park, others)","Shuttle","Caltrain"
"80","SFMTA",2014,"Burlingame Trolley Shuttle (hotels to downtown Burlingame)","Shuttle","Caltrain"
"81","SFMTA",2014,"Caltrain Shuttle","Shuttle","Caltrain"
"82","SFMTA",2014,"Capitol Corridor Intercity Rail","Sacramento/San Jose","Capitol Corridor"
"83","SFMTA",2014,"Capitol Corridor Shuttle Bus","Sacramento/San Jose","Capitol Corridor"
"84","SFMTA",2014,"County Connection 10 BART Concord/Clayton","10 BART Concord/Clayton","County Connection"
"85","SFMTA",2014,"County Connection 11 BART Concord/BART Pleasant","11 BART Concord/BART Pleasant","County Connection"
"86","SFMTA",2014,"County Connection 15 Treat Blvd","15 Treat Blvd","County Connection"
"87","SFMTA",2014,"County Connection 17 BART Concord/North Concord","17 BART Concord/North Concord","County Connection"
"88","SFMTA",2014,"County Connection 1M Walnut Creek BART/Marchbanks","1M Walnut Creek BART/Marchbanks","County Connection"
"89","SFMTA",2014,"County Connection 2 Rudgear/BART Walnut Creek","2 Rudgear/BART Walnut Creek","County Connection"
"90","SFMTA",2014,"County Connection 21 BART Walnut Creek/San Ramon","21 BART Walnut Creek/San Ramon","County Connection"
"91","SFMTA",2014,"County Connection 25 BART Lafayette/BART Walnut Creek","25 BART Lafayette/BART Walnut Creek","County Connection"
"92","SFMTA",2014,"County Connection 28 BART North Concord/Martinez","28 BART North Concord/Martinez","County Connection"
"93","SFMTA",2014,"County Connection 35 BART Dublin/San Ramon","35 BART Dublin/San Ramon","County Connection"
"94","SFMTA",2014,"County Connection 36 San Ramon/BART Dublin","36 San Ramon/BART Dublin","County Connection"
"95","SFMTA",2014,"County Connection 5 Creekside/BART Walnut Creek","5 Creekside/BART Walnut Creek","County Connection"
"96","SFMTA",2014,"County Connection 627 BART North Concord/Mason Cir","627 BART North Concord/Mason Cir","County Connection"
"97","SFMTA",2014,"County Connection 7 Shadelands/BART Pleasant Hill/BART Walnut Creek","7 Shadelands/BART Pleasant Hill/BART Walnut Creek","County Connection"
"98","SFMTA",2014,"County Connection 9 DVC/BART Walnut Creek","9 DVC/BART Walnut Creek","County Connection"
"99","SFMTA",2014,"County Connection Alamo Creek Shuttle","Shuttle","County Connection"
"100","SFMTA",2014,"Emery Go-Round Hollis","Go-Round Hollis","Emeryville MTA"
"101","SFMTA",2014,"Emery Go-Round Hollis South","Go-Round Hollis South","Emeryville MTA"
"102","SFMTA",2014,"Emery Go-Round Shellmound/Powell","Go-Round Shellmound/Powell","Emeryville MTA"
"103","SFMTA",2014,"Facebook Shuttle (Ashby, MacArthur)","Shuttle","Facebook"
"104","SFMTA",2014,"Fairfield and Suisun Transit (FAST) 90 Fairfield - El Cerrito Del Norte BART","90 Fairfield - El Cerrito Del Norte BART","FAST"
"105","SFMTA",2014,"Golden Gate 101 Santa Rosa - San Francisco","101 Santa Rosa - San Francisco","Golden Gate Transit"
"106","SFMTA",2014,"Golden Gate 101X Santa Rosa - San Francisco","101X Santa Rosa - San Francisco","Golden Gate Transit"
"107","SFMTA",2014,"Golden Gate 17 San Rafael - Sausalito","17 San Rafael - Sausalito","Golden Gate Transit"
"108","SFMTA",2014,"Golden Gate 18 College of Marin - San Francisco","18 College of Marin - San Francisco","Golden Gate Transit"
"109","SFMTA",2014,"Golden Gate 2 Marin Headlands","2 Marin Headlands","Golden Gate Transit"
"110","SFMTA",2014,"Golden Gate 24 Manor - Fairfax - San Francisco","24 Manor - Fairfax - San Francisco","Golden Gate Transit"
"111","SFMTA",2014,"Golden Gate 27 San Anselmo - San Francisco","27 San Anselmo - San Francisco","Golden Gate Transit"
"112","SFMTA",2014,"Golden Gate 29 San Rafael - Larkspur Landing - Fairfax - Manor","29 San Rafael - Larkspur Landing - Fairfax - Manor","Golden Gate Transit"
"113","SFMTA",2014,"Golden Gate 4 Mill Valley - San Francisco","4 Mill Valley - San Francisco","Golden Gate Transit"
"114","SFMTA",2014,"Golden Gate 54 San Marin - San Francisco","54 San Marin - San Francisco","Golden Gate Transit"
"115","SFMTA",2014,"Golden Gate 70 Novato - San Francisco","70 Novato - San Francisco","Golden Gate Transit"
"116","SFMTA",2014,"Golden Gate 72 Santa Rosa - Rohnert Park - San Francisco","72 Santa Rosa - Rohnert Park - San Francisco","Golden Gate Transit"
"117","SFMTA",2014,"Golden Gate 74 Santa Rosa - Cotati - San Francisco","74 Santa Rosa - Cotati - San Francisco","Golden Gate Transit"
"118","SFMTA",2014,"Golden Gate 92 Manzanita Park & Ride - San Francisco","92 Manzanita Park & Ride - San Francisco","Golden Gate Transit"
"119","SFMTA",2014,"Golden Gate 97 Larkspur Ferry Terminal - San Francisco","97 Larkspur Ferry Terminal - San Francisco","Golden Gate Transit"
"120","SFMTA",2014,"Golden Gate Ferry Larkspur Ferry","Ferry Larkspur Ferry","Golden Gate Transit"
"121","SFMTA",2014,"Golden Gate Ferry Sausalito Ferry","Ferry Sausalito Ferry","Golden Gate Transit"
"122","SFMTA",2014,"Blue & Gold Harbor Bay","Harbor Bay","Harbor Bay"
"123","SFMTA",2014,"Harbor Bay Shuttle (Coliseum)","Shuttle","Harbor Bay"
"124","SFMTA",2014,"LBL / Lawrence Berkeley Lab Shuttle (Downtown Berkeley, Rockridge)","Shuttle","LBL"
"125","SFMTA",2014,"Livermore Amadore 10R","10R","Livermore Amadore Transit"
"126","SFMTA",2014,"Livermore Amadore Transit","Transit","Livermore Amadore Transit"
"127","SFMTA",2014,"Marin 228 College of Marin/Indian Valley Campus","228 College of Marin/Indian Valley Campus","Marin Transit"
"128","SFMTA",2014,"Marin36","36","Marin Transit"
"129","SFMTA",2014,"Marin 233 Santa Venetia Shuttle","Shuttle","Marin Transit"
"130","SFMTA",2014,"-","-","Missing"
"131","SFMTA",2014,"Missing - Dummy Record","Missing - Dummy Record","Missing"
"132","SFMTA",2014,"VINE 29 29 Commuter Express","29 Commuter Express","Napa Vine"
"133","SFMTA",2014,"PresidiGo Shuttles (Embarcadero, GG Park area)","Shuttle","PresidiGo"
"134","SFMTA",2014,"SamTrans 110 Linda Mar Daly City BART","110","SamTrans"
"135","SFMTA",2014,"SamTrans 112 Linda Mar Colma BART","112","SamTrans"
"136","SFMTA",2014,"SamTrans 120 Colma BART Daly City BART","120","SamTrans"
"137","SFMTA",2014,"SamTrans 121 Skyline College Daly City BART","121","SamTrans"
"138","SFMTA",2014,"SamTrans 122 South San Francisco BART Stonestown","122","SamTrans"
"139","SFMTA",2014,"SamTrans 130 South San Francisco BART Daly City BART","130","SamTrans"
"140","SFMTA",2014,"SamTrans 131 Airport/Linden - Serramonte Center","131","SamTrans"
"141","SFMTA",2014,"SamTrans 140 Pacific Manor San Bruno BART","140","SamTrans"
"142","SFMTA",2014,"SamTrans 141 Downtown San Bruno San Bruno BART","141","SamTrans"
"143","SFMTA",2014,"SamTrans 250 Downtown San Mateo College of San Mateo","250","SamTrans"
"144","SFMTA",2014,"SamTrans 256 Hillsdale Mall - Foster City","256","SamTrans"
"145","SFMTA",2014,"SamTrans 260 Carlmont Village San Carlos Caltrain","260","SamTrans"
"146","SFMTA",2014,"SamTrans 270 Redwood City Caltrain Station Marsh Road (Menlo Park)","270","SamTrans"
"147","SFMTA",2014,"SamTrans 275 Woodside/Fernside - Redwood City Transit Center","275","SamTrans"
"148","SFMTA",2014,"SamTrans 276 Redwood City Transit Center - Florence/17th","276","SamTrans"
"149","SFMTA",2014,"SamTrans 281 Stanford Shopping Center Palo Alto Caltrain East Palo Alto","281","SamTrans"
"150","SFMTA",2014,"SamTrans 292 Hillsdale Shopping Center SF International Airport San Francisco","292","SamTrans"
"151","SFMTA",2014,"SamTrans 295 Downtown San Mateo Menlo Park","295","SamTrans"
"152","SFMTA",2014,"SamTrans 296 Redwood City East Palo Alto","296","SamTrans"
"153","SFMTA",2014,"SamTrans 398 San Bruno BART - Redwood City Transit Center","398","SamTrans"
"154","SFMTA",2014,"SamTrans ECR Palo Alto - Daly City","ECR Palo Alto - Daly City","SamTrans"
"155","SFMTA",2014,"SamTrans SCS","SCS","SamTrans"
"156","SFMTA",2014,"San Francisco Bay Ferry Alameda/Oakland Ferry","Alameda/Oakland Ferry","San Francisco Bay Ferry"
"157","SFMTA",2014,"San Francisco Bay Ferry Harbor Bay Ferry","Harbor Bay Ferry","San Francisco Bay Ferry"
"158","SFMTA",2014,"San Francisco Bay Ferry Vallejo Ferry","Vallejo Ferry","San Francisco Bay Ferry"
"159","SFMTA",2014,"1-California [ INBOUND ]","1 California","SF Muni"
"160","SFMTA",2014,"1-California [ OUTBOUND ]","1 California","SF Muni"
"161","SFMTA",2014,"MUNI 1-California","1 California","SF Muni"
"162","SFMTA",2014,"1-California","1 California","SF Muni"
"163","SFMTA",2014,"10-Townsend [ INBOUND ]","10 Townsend","SF Muni"
"164","SFMTA",2014,"10-Townsend [ OUTBOUND ]","10 Townsend","SF Muni"
"165","SFMTA",2014,"MUNI 10-Townsend","10 Townsend","SF Muni"
"166","SFMTA",2014,"10-Townsend","10 Townsend","SF Muni"
"167","SFMTA",2014,"10R Livermore Amador Valley Transit","10R Livermore Amador Valley Transit","SF Muni"
"168","SFMTA",2014,"12-Folsom/Pacific [ INBOUND ]","12 Folsom Pacific","SF Muni"
"169","SFMTA",2014,"12-Folsom/Pacific [ OUTBOUND ]","12 Folsom Pacific","SF Muni"
"170","SFMTA",2014,"MUNI 12-Folsom/Pacific","12 Folsom Pacific","SF Muni"
"171","SFMTA",2014,"12-Folsom/Pacific","12 Folsom Pacific","SF Muni"
"172","SFMTA",2014,"14-Mission [ INBOUND ]","14 Mission","SF Muni"
"173","SFMTA",2014,"14-Mission [ OUTBOUND ]","14 Mission","SF Muni"
"174","SFMTA",2014,"MUNI 14-Mission","14 Mission","SF Muni"
"175","SFMTA",2014,"14-Mission","14 Mission","SF Muni"
"176","SFMTA",2014,"14R-Mission Rapid [ INBOUND ]","14R Mission Rapid","SF Muni"
"177","SFMTA",2014,"14R-Mission Rapid [ OUTBOUND ]","14R Mission Rapid","SF Muni"
"178","SFMTA",2014,"MUNI 14R-Mission Rapid","14R Mission Rapid","SF Muni"
"179","SFMTA",2014,"14R-Mission Rapid","14R Mission Rapid","SF Muni"
"180","SFMTA",2014,"14X-Mission Express [ INBOUND ]","14X Mission Express","SF Muni"
"181","SFMTA",2014,"14X-Mission Express [ OUTBOUND ]","14X Mission Express","SF Muni"
"182","SFMTA",2014,"MUNI 14X-Mission Express","14X Mission Express","SF Muni"
"183","SFMTA",2014,"14X-Mission Express","14X Mission Express","SF Muni"
"184","SFMTA",2014,"18-46th Avenue [ INBOUND ]","18 46th Avenue","SF Muni"
"185","SFMTA",2014,"18-46th Avenue [ OUTBOUND ]","18 46th Avenue","SF Muni"
"186","SFMTA",2014,"MUNI 18-46th Avenue","18 46th Avenue","SF Muni"
"187","SFMTA",2014,"18-46th Avenue","18 46th Avenue","SF Muni"
"188","SFMTA",2014,"19-Polk [ INBOUND ]","19 Polk","SF Muni"
"189","SFMTA",2014,"19-Polk [ OUTBOUND ]","19 Polk","SF Muni"
"190","SFMTA",2014,"MUNI 19-Polk","19 Polk","SF Muni"
"191","SFMTA",2014,"19-Polk","19 Polk","SF Muni"
"192","SFMTA",2014,"1AX-California A Express [ INBOUND ]","1AX California A Express","SF Muni"
"193","SFMTA",2014,"1AX-California A Express [ OUTBOUND ]","1AX California A Express","SF Muni"
"194","SFMTA",2014,"MUNI 1AX-California A Express","1AX California A Express","SF Muni"
"195","SFMTA",2014,"1AX-California A Express","1AX California A Express","SF Muni"
"196","SFMTA",2014,"1BX-California B Express [ INBOUND ]","1BX California B Express","SF Muni"
"197","SFMTA",2014,"1BX-California B Express [ OUTBOUND ]","1BX California B Express","SF Muni"
"198","SFMTA",2014,"MUNI 1BX-California B Express","1BX California B Express","SF Muni"
"199","SFMTA",2014,"1BX-California B Express","1BX California B Express","SF Muni"
"200","SFMTA",2014,"2-Clement [ INBOUND ]","2 Clement","SF Muni"
"201","SFMTA",2014,"2-Clement [ OUTBOUND ]","2 Clement","SF Muni"
"202","SFMTA",2014,"MUNI 2-Clement","2 Clement","SF Muni"
"203","SFMTA",2014,"2-Clement","2 Clement","SF Muni"
"204","SFMTA",2014,"21-Hayes [ INBOUND ]","21 Hayes","SF Muni"
"205","SFMTA",2014,"21-Hayes [ OUTBOUND ]","21 Hayes","SF Muni"
"206","SFMTA",2014,"MUNI 21-Hayes","21 Hayes","SF Muni"
"207","SFMTA",2014,"21-Hayes","21 Hayes","SF Muni"
"208","SFMTA",2014,"22-Fillmore [ INBOUND ]","22 Fillmore","SF Muni"
"209","SFMTA",2014,"22-Fillmore [ OUTBOUND ]","22 Fillmore","SF Muni"
"210","SFMTA",2014,"MUNI 22-Fillmore","22 Fillmore","SF Muni"
"211","SFMTA",2014,"22-Fillmore","22 Fillmore","SF Muni"
"212","SFMTA",2014,"23-Monterey [ INBOUND ]","23 Monterey","SF Muni"
"213","SFMTA",2014,"23-Monterey [ OUTBOUND ]","23 Monterey","SF Muni"
"214","SFMTA",2014,"MUNI 23-Monterey","23 Monterey","SF Muni"
"215","SFMTA",2014,"23-Monterey","23 Monterey","SF Muni"
"216","SFMTA",2014,"24-Divisadero [ INBOUND ]","24 Divisadero","SF Muni"
"217","SFMTA",2014,"24-Divisadero [ OUTBOUND ]","24 Divisadero","SF Muni"
"218","SFMTA",2014,"MUNI 24-Divisadero","24 Divisadero","SF Muni"
"219","SFMTA",2014,"24-Divisadero","24 Divisadero","SF Muni"
"220","SFMTA",2014,"25-Treasure Island [ INBOUND ]","25 Treasure Island","SF Muni"
"221","SFMTA",2014,"25-Treasure Island [ OUTBOUND ]","25 Treasure Island","SF Muni"
"222","SFMTA",2014,"MUNI 25-Treasure Island","25 Treasure Island","SF Muni"
"223","SFMTA",2014,"25-Treasure Island","25 Treasure Island","SF Muni"
"224","SFMTA",2014,"27-Bryant [ INBOUND ]","27 Bryant","SF Muni"
"225","SFMTA",2014,"27-Bryant [ OUTBOUND ]","27 Bryant","SF Muni"
"226","SFMTA",2014,"MUNI 27-Bryant","27 Bryant","SF Muni"
"227","SFMTA",2014,"27-Bryant","27 Bryant","SF Muni"
"228","SFMTA",2014,"28-19th Avenue [ INBOUND ]","28 19th Avenue","SF Muni"
"229","SFMTA",2014,"28-19th Avenue [ OUTBOUND ]","28 19th Avenue","SF Muni"
"230","SFMTA",2014,"MUNI 28-19th Avenue","28 19th Avenue","SF Muni"
"231","SFMTA",2014,"28-19th Avenue","28 19th Avenue","SF Muni"
"232","SFMTA",2014,"28R-19th Avenue Rapid [ INBOUND ]","28R 19th Avenue Rapid","SF Muni"
"233","SFMTA",2014,"28R-19th Avenue Rapid [ OUTBOUND ]","28R 19th Avenue Rapid","SF Muni"
"234","SFMTA",2014,"MUNI 28R-19th Avenue Rapid","28R 19th Avenue Rapid","SF Muni"
"235","SFMTA",2014,"28R-19th Avenue Rapid","28R 19th Avenue Rapid","SF Muni"
"236","SFMTA",2014,"29-Sunset [ INBOUND ]","29 Sunset","SF Muni"
"237","SFMTA",2014,"29-Sunset [ OUTBOUND ]","29 Sunset","SF Muni"
"238","SFMTA",2014,"MUNI 29-Sunset","29 Sunset","SF Muni"
"239","SFMTA",2014,"29-Sunset","29 Sunset","SF Muni"
"240","SFMTA",2014,"3-Jackson [ INBOUND ]","3 Jackson","SF Muni"
"241","SFMTA",2014,"3-Jackson [ OUTBOUND ]","3 Jackson","SF Muni"
"242","SFMTA",2014,"MUNI 3-Jackson","3 Jackson","SF Muni"
"243","SFMTA",2014,"3-Jackson","3 Jackson","SF Muni"
"244","SFMTA",2014,"30-Stockton [ INBOUND ]","30 Stockton","SF Muni"
"245","SFMTA",2014,"30-Stockton [ OUTBOUND ]","30 Stockton","SF Muni"
"246","SFMTA",2014,"MUNI 30-Stockton","30 Stockton","SF Muni"
"247","SFMTA",2014,"30-Stockton","30 Stockton","SF Muni"
"248","SFMTA",2014,"30X-Marina Express [ INBOUND ]","30X Marina Express","SF Muni"
"249","SFMTA",2014,"30X-Marina Express [ OUTBOUND ]","30X Marina Express","SF Muni"
"250","SFMTA",2014,"MUNI 30X-Marina Express","30X Marina Express","SF Muni"
"251","SFMTA",2014,"30X-Marina Express","30X Marina Express","SF Muni"
"252","SFMTA",2014,"31-Balboa [ INBOUND ]","31 Balboa","SF Muni"
"253","SFMTA",2014,"31-Balboa [ OUTBOUND ]","31 Balboa","SF Muni"
"254","SFMTA",2014,"MUNI 31-Balboa","31 Balboa","SF Muni"
"255","SFMTA",2014,"31-Balboa","31 Balboa","SF Muni"
"256","SFMTA",2014,"31AX-Balboa A Express [ INBOUND ]","31AX Balboa A Express","SF Muni"
"257","SFMTA",2014,"31AX-Balboa A Express [ OUTBOUND ]","31AX Balboa A Express","SF Muni"
"258","SFMTA",2014,"MUNI 31AX-Balboa A Express","31AX Balboa A Express","SF Muni"
"259","SFMTA",2014,"31AX-Balboa A Express","31AX Balboa A Express","SF Muni"
"260","SFMTA",2014,"31BX-Balboa B Express [ INBOUND ]","31BX Balboa B Express","SF Muni"
"261","SFMTA",2014,"31BX-Balboa B Express [ OUTBOUND ]","31BX Balboa B Express","SF Muni"
"262","SFMTA",2014,"31BX-Balboa B Express","31BX Balboa B Express","SF Muni"
"263","SFMTA",2014,"33-Ashbury/18th [ INBOUND ]","33 Ashbury 18th","SF Muni"
"264","SFMTA",2014,"33-Ashbury/18th [ OUTBOUND ]","33 Ashbury 18th","SF Muni"
"265","SFMTA",2014,"MUNI 33-Ashbury/18th","33 Ashbury 18th","SF Muni"
"266","SFMTA",2014,"33-Ashbury/18th","33 Ashbury 18th","SF Muni"
"267","SFMTA",2014,"35-Eureka [ INBOUND ]","35 Eureka","SF Muni"
"268","SFMTA",2014,"35-Eureka [ OUTBOUND ]","35 Eureka","SF Muni"
"269","SFMTA",2014,"MUNI 35-Eureka","35 Eureka","SF Muni"
"270","SFMTA",2014,"35-Eureka","35 Eureka","SF Muni"
"271","SFMTA",2014,"36-Teresita [ INBOUND ]","36 Teresita","SF Muni"
"272","SFMTA",2014,"36-Teresita [ OUTBOUND ]","36 Teresita","SF Muni"
"273","SFMTA",2014,"MUNI 36-Teresita","36 Teresita","SF Muni"
"274","SFMTA",2014,"36-Teresita","36 Teresita","SF Muni"
"275","SFMTA",2014,"37-Corbett [ INBOUND ]","37 Corbett","SF Muni"
"276","SFMTA",2014,"37-Corbett [ OUTBOUND ]","37 Corbett","SF Muni"
"277","SFMTA",2014,"MUNI 37-Corbett","37 Corbett","SF Muni"
"278","SFMTA",2014,"37-Corbett","37 Corbett","SF Muni"
"279","SFMTA",2014,"38-Geary [ INBOUND ]","38 Geary","SF Muni"
"280","SFMTA",2014,"38-Geary [ OUTBOUND ]","38 Geary","SF Muni"
"281","SFMTA",2014,"MUNI 38-Geary","38 Geary","SF Muni"
"282","SFMTA",2014,"38-Geary","38 Geary","SF Muni"
"283","SFMTA",2014,"38AX-Geary A Express [ INBOUND ]","38AX Geary A Express","SF Muni"
"284","SFMTA",2014,"38AX-Geary A Express [ OUTBOUND ]","38AX Geary A Express","SF Muni"
"285","SFMTA",2014,"MUNI 38AX-Geary A Express","38AX Geary A Express","SF Muni"
"286","SFMTA",2014,"38AX-Geary A Express","38AX Geary A Express","SF Muni"
"287","SFMTA",2014,"38BX-Geary B Express [ INBOUND ]","38BX Geary B Express","SF Muni"
"288","SFMTA",2014,"38BX-Geary B Express [ OUTBOUND ]","38BX Geary B Express","SF Muni"
"289","SFMTA",2014,"MUNI 38BX-Geary B Express","38BX Geary B Express","SF Muni"
"290","SFMTA",2014,"38BX-Geary B Express","38BX Geary B Express","SF Muni"
"291","SFMTA",2014,"38R-Geary Rapid [ INBOUND ]","38R Geary Rapid","SF Muni"
"292","SFMTA",2014,"38R-Geary Rapid [ OUTBOUND ]","38R Geary Rapid","SF Muni"
"293","SFMTA",2014,"MUNI 38R-Geary Rapid","38R Geary Rapid","SF Muni"
"294","SFMTA",2014,"38R-Geary Rapid","38R Geary Rapid","SF Muni"
"295","SFMTA",2014,"39-Coit [ INBOUND ]","39 Coit","SF Muni"
"296","SFMTA",2014,"39-Coit [ OUTBOUND ]","39 Coit","SF Muni"
"297","SFMTA",2014,"MUNI 39-Coit","39 Coit","SF Muni"
"298","SFMTA",2014,"39-Coit","39 Coit","SF Muni"
"299","SFMTA",2014,"41-Union [ INBOUND ]","41 Union","SF Muni"
"300","SFMTA",2014,"41-Union [ OUTBOUND ]","41 Union","SF Muni"
"301","SFMTA",2014,"MUNI 41-Union","41 Union","SF Muni"
"302","SFMTA",2014,"41-Union","41 Union","SF Muni"
"303","SFMTA",2014,"43-Masonic [ INBOUND ]","43 Masonic","SF Muni"
"304","SFMTA",2014,"43-Masonic [ OUTBOUND ]","43 Masonic","SF Muni"
"305","SFMTA",2014,"MUNI 43-Masonic","43 Masonic","SF Muni"
"306","SFMTA",2014,"43-Masonic","43 Masonic","SF Muni"
"307","SFMTA",2014,"44-OShaughnessy [ INBOUND ]","44 OShaughnessy","SF Muni"
"308","SFMTA",2014,"44-OShaughnessy [ OUTBOUND ]","44 OShaughnessy","SF Muni"
"309","SFMTA",2014,"MUNI 44-OShaughnessy","44 OShaughnessy","SF Muni"
"310","SFMTA",2014,"44-OShaughnessy","44 OShaughnessy","SF Muni"
"311","SFMTA",2014,"45-Union/Stockton [ INBOUND ]","45 Union Stockton","SF Muni"
"312","SFMTA",2014,"45-Union/Stockton [ OUTBOUND ]","45 Union Stockton","SF Muni"
"313","SFMTA",2014,"MUNI 45-Union/Stockton","45 Union Stockton","SF Muni"
"314","SFMTA",2014,"45-Union/Stockton","45 Union Stockton","SF Muni"
"315","SFMTA",2014,"47-Van Ness [ INBOUND ]","47 Van Ness","SF Muni"
"316","SFMTA",2014,"47-Van Ness [ OUTBOUND ]","47 Van Ness","SF Muni"
"317","SFMTA",2014,"MUNI 47-Van Ness","47 Van Ness","SF Muni"
"318","SFMTA",2014,"47-Van Ness","47 Van Ness","SF Muni"
"319","SFMTA",2014,"48-Quintara/24th Street [ INBOUND ]","48 Quintara 24th Street","SF Muni"
"320","SFMTA",2014,"48-Quintara/24th Street [ OUTBOUND ]","48 Quintara 24th Street","SF Muni"
"321","SFMTA",2014,"MUNI 48-Quintara/24th Street","48 Quintara 24th Street","SF Muni"
"322","SFMTA",2014,"48-Quintara/24th Street","48 Quintara 24th Street","SF Muni"
"323","SFMTA",2014,"49-Van Ness/Mission [ INBOUND ]","49 Van Ness Mission","SF Muni"
"324","SFMTA",2014,"49-Van Ness/Mission [ OUTBOUND ]","49 Van Ness Mission","SF Muni"
"325","SFMTA",2014,"MUNI 49-Van Ness/Mission","49 Van Ness Mission","SF Muni"
"326","SFMTA",2014,"49-Van Ness/Mission","49 Van Ness Mission","SF Muni"
"327","SFMTA",2014,"5-Fulton [ INBOUND ]","5 Fulton","SF Muni"
"328","SFMTA",2014,"5-Fulton [ OUTBOUND ]","5 Fulton","SF Muni"
"329","SFMTA",2014,"MUNI 5-Fulton","5 Fulton","SF Muni"
"330","SFMTA",2014,"5-Fulton","5 Fulton","SF Muni"
"331","SFMTA",2014,"52-Excelsior [ INBOUND ]","52 Excelsior","SF Muni"
"332","SFMTA",2014,"52-Excelsior [ OUTBOUND ]","52 Excelsior","SF Muni"
"333","SFMTA",2014,"MUNI 52-Excelsior","52 Excelsior","SF Muni"
"334","SFMTA",2014,"52-Excelsior","52 Excelsior","SF Muni"
"335","SFMTA",2014,"54-Felton [ INBOUND ]","54 Felton","SF Muni"
"336","SFMTA",2014,"54-Felton [ OUTBOUND ]","54 Felton","SF Muni"
"337","SFMTA",2014,"MUNI 54-Felton","54 Felton","SF Muni"
"338","SFMTA",2014,"54-Felton","54 Felton","SF Muni"
"339","SFMTA",2014,"55-16th Street [ INBOUND ]","55 16th Street","SF Muni"
"340","SFMTA",2014,"55-16th Street [ OUTBOUND ]","55 16th Street","SF Muni"
"341","SFMTA",2014,"MUNI 55-16th Street","55 16th Street","SF Muni"
"342","SFMTA",2014,"55-16th Street","55 16th Street","SF Muni"
"343","SFMTA",2014,"56-Rutland [ INBOUND ]","56 Rutland","SF Muni"
"344","SFMTA",2014,"56-Rutland [ OUTBOUND ]","56 Rutland","SF Muni"
"345","SFMTA",2014,"MUNI 56-Rutland","56 Rutland","SF Muni"
"346","SFMTA",2014,"56-Rutland","56 Rutland","SF Muni"
"347","SFMTA",2014,"57-Parkmerced [ INBOUND ]","57 Parkmerced","SF Muni"
"348","SFMTA",2014,"57-Parkmerced [ OUTBOUND ]","57 Parkmerced","SF Muni"
"349","SFMTA",2014,"MUNI 57-Parkmerced","57 Parkmerced","SF Muni"
"350","SFMTA",2014,"57-Parkmerced","57 Parkmerced","SF Muni"
"351","SFMTA",2014,"5R-Fulton Rapid [ INBOUND ]","5R Fulton Rapid","SF Muni"
"352","SFMTA",2014,"5R-Fulton Rapid [ OUTBOUND ]","5R Fulton Rapid","SF Muni"
"353","SFMTA",2014,"MUNI 5R-Fulton Rapid","5R Fulton Rapid","SF Muni"
"354","SFMTA",2014,"5R-Fulton Rapid","5R Fulton Rapid","SF Muni"
"355","SFMTA",2014,"6-Haight/Parnassus [ INBOUND ]","6 Haight Parnassus","SF Muni"
"356","SFMTA",2014,"6-Haight/Parnassus [ OUTBOUND ]","6 Haight Parnassus","SF Muni"
"357","SFMTA",2014,"MUNI 6-Haight/Parnassus","6 Haight Parnassus","SF Muni"
"358","SFMTA",2014,"6-Haight/Parnassus","6 Haight Parnassus","SF Muni"
"359","SFMTA",2014,"66-Quintara [ INBOUND ]","66 Quintara","SF Muni"
"360","SFMTA",2014,"66-Quintara [ OUTBOUND ]","66 Quintara","SF Muni"
"361","SFMTA",2014,"MUNI 66-Quintara","66 Quintara","SF Muni"
"362","SFMTA",2014,"66-Quintara","66 Quintara","SF Muni"
"363","SFMTA",2014,"67-Bernal Heights [ INBOUND ]","67 Bernal Heights","SF Muni"
"364","SFMTA",2014,"67-Bernal Heights [ OUTBOUND ]","67 Bernal Heights","SF Muni"
"365","SFMTA",2014,"MUNI 67-Bernal Heights","67 Bernal Heights","SF Muni"
"366","SFMTA",2014,"67-Bernal Heights","67 Bernal Heights","SF Muni"
"367","SFMTA",2014,"7-Haight/Noriega [ INBOUND ]","7 Haight Noriega","SF Muni"
"368","SFMTA",2014,"7-Haight/Noriega [ OUTBOUND ]","7 Haight Noriega","SF Muni"
"369","SFMTA",2014,"MUNI 7-Haight/Noriega","7 Haight Noriega","SF Muni"
"370","SFMTA",2014,"7-Haight/Noriega","7 Haight Noriega","SF Muni"
"371","SFMTA",2014,"76X-Marin Headlands Express [ INBOUND ]","76X Marin Headlands Express","SF Muni"
"372","SFMTA",2014,"76X-Marin Headlands Express [ OUTBOUND ]","76X Marin Headlands Express","SF Muni"
"373","SFMTA",2014,"MUNI 76X-Marin Headlands Express","76X Marin Headlands Express","SF Muni"
"374","SFMTA",2014,"7R-Haight/Noriega Rapid [ INBOUND ]","7R Haight Noriega Rapid","SF Muni"
"375","SFMTA",2014,"7R-Haight/Noriega Rapid [ OUTBOUND ]","7R Haight Noriega Rapid","SF Muni"
"376","SFMTA",2014,"MUNI 7R-Haight/Noriega Rapid","7R Haight Noriega Rapid","SF Muni"
"377","SFMTA",2014,"7R-Haight/Noriega Rapid","7R Haight Noriega Rapid","SF Muni"
"378","SFMTA",2014,"7X-Noriega Express [ INBOUND ]","7X Noriega Express","SF Muni"
"379","SFMTA",2014,"7X-Noriega Express [ OUTBOUND ]","7X Noriega Express","SF Muni"
"380","SFMTA",2014,"MUNI 7X-Noriega Express","7X Noriega Express","SF Muni"
"381","SFMTA",2014,"7X-Noriega Express","7X Noriega Express","SF Muni"
"382","SFMTA",2014,"8-Bayshore [ INBOUND ]","8 Bayshore","SF Muni"
"383","SFMTA",2014,"8-Bayshore [ OUTBOUND ]","8 Bayshore","SF Muni"
"384","SFMTA",2014,"MUNI 8-Bayshore","8 Bayshore","SF Muni"
"385","SFMTA",2014,"8-Bayshore","8 Bayshore","SF Muni"
"386","SFMTA",2014,"82X-Levi Plaza Express [ INBOUND ]","82X Levi Plaza Express","SF Muni"
"387","SFMTA",2014,"82X-Levi Plaza Express [ OUTBOUND ]","82X Levi Plaza Express","SF Muni"
"388","SFMTA",2014,"MUNI 82X-Levi Plaza Express","82X Levi Plaza Express","SF Muni"
"389","SFMTA",2014,"82X-Levi Plaza Express","82X Levi Plaza Express","SF Muni"
"390","SFMTA",2014,"83X-Mid-Market Express [ INBOUND ]","83X Mid Market Express","SF Muni"
"391","SFMTA",2014,"83X-Mid-Market Express [ OUTBOUND ]","83X Mid Market Express","SF Muni"
"392","SFMTA",2014,"MUNI 83X-Mid-Market Express","83X Mid Market Express","SF Muni"
"393","SFMTA",2014,"83X-Mid-Market Express","83X Mid Market Express","SF Muni"
"394","SFMTA",2014,"8AX-Bayshore A Express [ INBOUND ]","8AX Bayshore A Express","SF Muni"
"395","SFMTA",2014,"8AX-Bayshore A Express [ OUTBOUND ]","8AX Bayshore A Express","SF Muni"
"396","SFMTA",2014,"MUNI 8AX-Bayshore A Express","8AX Bayshore A Express","SF Muni"
"397","SFMTA",2014,"8AX-Bayshore A Express","8AX Bayshore A Express","SF Muni"
"398","SFMTA",2014,"8BX-Bayshore B Express [ INBOUND ]","8BX Bayshore B Express","SF Muni"
"399","SFMTA",2014,"8BX-Bayshore B Express [ OUTBOUND ]","8BX Bayshore B Express","SF Muni"
"400","SFMTA",2014,"MUNI 8BX-Bayshore B Express","8BX Bayshore B Express","SF Muni"
"401","SFMTA",2014,"8BX-Bayshore B Express","8BX Bayshore B Express","SF Muni"
"402","SFMTA",2014,"9-San Bruno [ INBOUND ]","9 San Bruno","SF Muni"
"403","SFMTA",2014,"9-San Bruno [ OUTBOUND ]","9 San Bruno","SF Muni"
"404","SFMTA",2014,"MUNI 9-San Bruno","9 San Bruno","SF Muni"
"405","SFMTA",2014,"9-San Bruno","9 San Bruno","SF Muni"
"406","SFMTA",2014,"90-San Bruno Owl [ INBOUND ]","90 San Bruno Owl","SF Muni"
"407","SFMTA",2014,"90-San Bruno Owl [ OUTBOUND ]","90 San Bruno Owl","SF Muni"
"408","SFMTA",2014,"MUNI 90-San Bruno Owl","90 San Bruno Owl","SF Muni"
"409","SFMTA",2014,"90-San Bruno Owl","90 San Bruno Owl","SF Muni"
"410","SFMTA",2014,"91-Owl [ INBOUND ]","91 Owl","SF Muni"
"411","SFMTA",2014,"91-Owl [ OUTBOUND ]","91 Owl","SF Muni"
"412","SFMTA",2014,"MUNI 91-Owl","91 Owl","SF Muni"
"413","SFMTA",2014,"91-Owl","91 Owl","SF Muni"
"414","SFMTA",2014,"9R-San Bruno Rapid [ INBOUND ]","9R San Bruno Rapid","SF Muni"
"415","SFMTA",2014,"9R-San Bruno Rapid [ OUTBOUND ]","9R San Bruno Rapid","SF Muni"
"416","SFMTA",2014,"MUNI 9R-San Bruno Rapid","9R San Bruno Rapid","SF Muni"
"417","SFMTA",2014,"9R-San Bruno Rapid","9R San Bruno Rapid","SF Muni"
"418","SFMTA",2014,"MUNI Powell/Hyde Cable Car","Cable Car","SF Muni"
"419","SFMTA",2014,"MUNI Powell/Mason Cable Car","Cable Car","SF Muni"
"420","SFMTA",2014,"MUNI California Cable Car","Cable Car","SF Muni"
"421","SFMTA",2014,"E-Embarcadero [ INBOUND ]","E Embarcadero","SF Muni"
"422","SFMTA",2014,"E-Embarcadero [ OUTBOUND ]","E Embarcadero","SF Muni"
"423","SFMTA",2014,"MUNI E-Embarcadero","E Embarcadero","SF Muni"
"424","SFMTA",2014,"E-Embarcadero","E Embarcadero","SF Muni"
"425","SFMTA",2014,"F-Market & Wharves [ INBOUND ]","F Market & Wharves","SF Muni"
"426","SFMTA",2014,"F-Market & Wharves [ OUTBOUND ]","F Market & Wharves","SF Muni"
"427","SFMTA",2014,"MUNI F-Market & Wharves","F Market & Wharves","SF Muni"
"428","SFMTA",2014,"F-Market & Wharves","F Market & Wharves","SF Muni"
"429","SFMTA",2014,"J-Church [ INBOUND ]","J Church","SF Muni"
"430","SFMTA",2014,"J-Church [ OUTBOUND ]","J Church","SF Muni"
"431","SFMTA",2014,"MUNI J-Church","J Church","SF Muni"
"432","SFMTA",2014,"J-Church","J Church","SF Muni"
"433","SFMTA",2014,"MUNI K OWL","K OWL","SF Muni"
"434","SFMTA",2014,"KT-Ingleside/Third Street [ INBOUND ]","KT Ingleside Third Street","SF Muni"
"435","SFMTA",2014,"KT-Ingleside/Third Street [ OUTBOUND ]","KT Ingleside Third Street","SF Muni"
"436","SFMTA",2014,"MUNI KT-Ingleside/Third Street","KT Ingleside Third Street","SF Muni"
"437","SFMTA",2014,"KT-Ingleside/Third Street","KT Ingleside Third Street","SF Muni"
"438","SFMTA",2014,"MUNI L OWL","L OWL","SF Muni"
"439","SFMTA",2014,"L-Taraval [ INBOUND ]","L Taraval","SF Muni"
"440","SFMTA",2014,"L-Taraval [ OUTBOUND ]","L Taraval","SF Muni"
"441","SFMTA",2014,"MUNI L-Taraval","L Taraval","SF Muni"
"442","SFMTA",2014,"L-Taraval","L Taraval","SF Muni"
"443","SFMTA",2014,"M-Ocean View [ INBOUND ]","M Ocean View","SF Muni"
"444","SFMTA",2014,"M-Ocean View [ OUTBOUND ]","M Ocean View","SF Muni"
"445","SFMTA",2014,"MUNI M-Ocean View","M Ocean View","SF Muni"
"446","SFMTA",2014,"M-Ocean View","M Ocean View","SF Muni"
"447","SFMTA",2014,"N-Judah [ INBOUND ]","N Judah","SF Muni"
"448","SFMTA",2014,"N-Judah [ OUTBOUND ]","N Judah","SF Muni"
"449","SFMTA",2014,"MUNI N-Judah","N Judah","SF Muni"
"450","SFMTA",2014,"N-Judah","N Judah","SF Muni"
"451","SFMTA",2014,"MUNI N OWL","N OWL","SF Muni"
"452","SFMTA",2014,"NX-N Express [ INBOUND ]","NX N Express","SF Muni"
"453","SFMTA",2014,"NX-N Express [ OUTBOUND ]","NX N Express","SF Muni"
"454","SFMTA",2014,"MUNI NX-N Express","NX N Express","SF Muni"
"455","SFMTA",2014,"NX-N Express","NX N Express","SF Muni"
"456","SFMTA",2014,"POWELL-MASON","POWELL MASON","SF Muni"
"457","SFMTA",2014,"88-BART Shuttle [ INBOUND ]","Shuttle","SF Muni"
"458","SFMTA",2014,"88-BART Shuttle [ OUTBOUND ]","Shuttle","SF Muni"
"459","SFMTA",2014,"MUNI S Light Rail: Castro Shuttle - Metro","Shuttle","SF Muni"
"460","SFMTA",2014,"88-BART Shuttle","Shuttle","SF Muni"
"461","SFMTA",2014,"MUNI T OWL","T OWL","SF Muni"
"462","SFMTA",2014,"San Francisco State (SFSU) Shuttle (Daly City)","Shuttle","SFSU"
"463","SFMTA",2014,"SolTrans 4 Tuolumne St / Vallejo Transit Center","4 Tuolumne St / Vallejo Transit Center","SolTrans"
"464","SFMTA",2014,"SolTrans 7 Target Shopping Center/Vallejo Transit Center","7 Target Shopping Center/Vallejo Transit Center","SolTrans"
"465","SFMTA",2014,"SolTrans 80 Vallejo/El Cerrito Del Norte BART","80 Vallejo/El Cerrito Del Norte BART","SolTrans"
"466","SFMTA",2014,"Stanford Marguerite Shuttle Line S","Shuttle","Stanford"
"467","SFMTA",2014,"Stanford Marguerite Shuttle Line X (Counter-Clockwise)","Shuttle","Stanford"
"468","SFMTA",2014,"Stanford Marguerite Shuttle Bohannon","Shuttle","Stanford"
"469","SFMTA",2014,"Stanford Marguerite Shuttle Line P","Shuttle","Stanford"
"470","SFMTA",2014,"Stanford Marguerite Shuttle Research Park","Shuttle","Stanford"
"471","SFMTA",2014,"Stanford Marguerite Shuttle Line Y (Clockwise)","Shuttle","Stanford"
"472","SFMTA",2014,"Tri Delta 300 Pittsburg BART / Brentwood Park & Ride","300 Pittsburg BART / Brentwood Park & Ride","Tri Delta"
"473","SFMTA",2014,"Tri Delta 380 Pittsburg BART / Antioch","380 Pittsburg BART / Antioch","Tri Delta"
"474","SFMTA",2014,"Tri Delta 388 Pittsburg BART / Hillcrest Park & Ride","388 Pittsburg BART / Hillcrest Park & Ride","Tri Delta"
"475","SFMTA",2014,"Tri Delta 391 Pittsburg BART / Brentwood Park & Ride","391 Pittsburg BART / Brentwood Park & Ride","Tri Delta"
"476","SFMTA",2014,"UCSF Shuttle - Mission Bay, Parnassus (16th St)","Shuttle","UCSF"
"477","SFMTA",2014,"Union City 1 Alvarado-Niles: Union City Blvd / Dyer","1 Alvarado-Niles: Union City Blvd / Dyer","Union City"
"478","SFMTA",2014,"Union City 2 Whipple","2 Whipple","Union City"
"479","SFMTA",2014,"VTA 180 FREMONT BART - SAN JOSE DIRIDON STA","180 FREMONT BART - SAN JOSE DIRIDON STA","VTA"
"480","SFMTA",2014,"VTA 181 SAN JOSE DIRIDON - FREMONT BART","181 SAN JOSE DIRIDON - FREMONT BART","VTA"
"481","SFMTA",2014,"VTA 22 EASTRIDGE - PALO ALTO/MENLO PARK","22 EASTRIDGE - PALO ALTO/MENLO PARK","VTA"
"482","SFMTA",2014,"VTA 32 STA CLARA CTRN -SN ANTONIO SHOP CTR","32 STA CLARA CTRN -SN ANTONIO SHOP CTR","VTA"
"483","SFMTA",2014,"VTA 40 LA AVENIDA - SN ANTONIO SHOP CTR","40 LA AVENIDA - SN ANTONIO SHOP CTR","VTA"
"484","SFMTA",2014,"VTA 522 EASTRIDGE - PALO ALTO","522 EASTRIDGE - PALO ALTO","VTA"
"485","SFMTA",2014,"VTA 55 DE ANZA COLLEGE - GREAT AMERICA","55 DE ANZA COLLEGE - GREAT AMERICA","VTA"
"486","SFMTA",2014,"VTA 60 WINCHESTER LRT - GT AMERICA","60 WINCHESTER LRT - GT AMERICA","VTA"
"487","SFMTA",2014,"VTA 64 ALMADEN LRT - MCKEE & WHITE","64 ALMADEN LRT - MCKEE & WHITE","VTA"
"488","SFMTA",2014,"VTA 65 KOOSER & MERIDIAN - DOWNTOWN S.J.","65 KOOSER & MERIDIAN - DOWNTOWN S.J.","VTA"
"489","SFMTA",2014,"VTA 70 CAPITOL LRT STN - GREAT MALL/MAIN","70 CAPITOL LRT STN - GREAT MALL/MAIN","VTA"
"490","SFMTA",2014,"VTA 89 CALIFORNIA AVE CTRN-VETS HOSPITAL","89 CALIFORNIA AVE CTRN-VETS HOSPITAL","VTA"
"491","SFMTA",2014,"VTA 900 Light Rail","900 Light Rail","VTA"
"492","SFMTA",2014,"VTA 901 Light Rail","901 Light Rail","VTA"
"493","SFMTA",2014,"VTA 902 Light Rail","902 Light Rail","VTA"
"494","SFMTA",2014,"VTA 201 DASH Downtown Area Shuttle","Shuttle","VTA"
"495","SFMTA",2014,"WestCAT 12 Local - Hercules Trees and Flowers: Loop","12 Local - Hercules Trees and Flowers: Loop","WestCAT"
"496","SFMTA",2014,"WestCAT 15 Local - Viewpointe to Hercules Transit Center.","15 Local - Viewpointe to Hercules Transit Center.","WestCAT"
"497","SFMTA",2014,"WestCAT JL Express - Del Norte BART/Hilltop Shopping Center","JL Express - Del Norte BART/Hilltop Shopping Center","WestCAT"
"498","SFMTA",2014,"WestCAT JPX Express - Del Norte BART to Hercules Transit Center","JPX Express - Del Norte BART to Hercules Transit Center","WestCAT"
"499","SFMTA",2014,"WestCAT JX Express - Del Norte BART to Hercules Transit Center","JX Express - Del Norte BART to Hercules Transit Center","WestCAT"
"500","SFMTA",2014,"WestCAT LYNX Transbay Hercules to San Francisco Transbay Terminal","LYNX Transbay Hercules to San Francisco Transbay Terminal","WestCAT"
"501","BART",2015,"Muni Route 38 Geary","38 Geary","SF Muni"
"502","BART",2015,"Muni Route 23 Monterey","23 Monterey","SF Muni"
"503","BART",2015,"Muni Route 44 Oshaughnessy","44 OShaughnessy","SF Muni"
"504","BART",2015,"AC Transit Route 51B Rockridge BART to Berkeley Amtrak","51B Rockridge BART to Berkeley Amtrak","AC Transit"
"505","BART",2015,"Muni Route 52 Excelsior","52 Excelsior","SF Muni"
"506","BART",2015,"Muni Route 21 Hayes","21 Hayes","SF Muni"
"507","BART",2015,"Muni Route 48 Quintara-24th Street","48 Quintara 24th Street","SF Muni"
"508","BART",2015,"Muni J Light Rail: Church - Metro","J Church","SF Muni"
"509","BART",2015,"Muni KT Light Rail: Ingleside/Third Street - Metro","KT Ingleside Third Street","SF Muni"
"510","BART",2015,"Muni M Light Rail: Ocean View - Metro","M Ocean View","SF Muni"
"511","BART",2015,"Muni Route 14 Mission","14 Mission","SF Muni"
"512","BART",2015,"Muni Route 19 Polk","19 Polk","SF Muni"
"513","BART",2015,"Muni N Light Rail: Judah - Metro","N Judah","SF Muni"
"514","BART",2015,"Muni Route 7 Haight/Noriega","7 Haight Noriega","SF Muni"
"515","BART",2015,"AC Transit Route 26 Emery Bay Public Market to Lakeshore Ave.","26 Emery Bay Public Market to Lakeshore Ave.","Emeryville MTA"
"516","BART",2015,"Muni Route 22 Fillmore","22 Fillmore","SF Muni"
"517","BART",2015,"Muni Route 30 Stockton","30 Stockton","SF Muni"
"518","BART",2015,"Muni L Light Rail: Taraval - Metro","L Taraval","SF Muni"
"519","BART",2015,"AC Transit Route 97 Bay Fair BART to Union City BART","97 Bay Fair BART to Union City BART","Union City"
"520","BART",2015,"Muni Route 5 Fulton","5 Fulton","SF Muni"
"521","BART",2015,"Agency provided, but route not spec; or illogical transit provided","Agency provided, but route not spec; or illogical transit provided","Missing"
"522","BART",2015,"Muni Route 37 Corbett","37 Corbett","SF Muni"
"523","BART",2015,"Muni Route 8X Bayshore Express","8X Bayshore Express","SF Muni"
"524","BART",2015,"Muni Route 14L Mission Limited","14L Mission Limited","SF Muni"
"525","BART",2015,"Golden Gate Transit Route 18 College of Marin - San Francisco","18 College of Marin - San Francisco","Golden Gate Transit"
"526","BART",2015,"SamTrans Route 131","131","SamTrans"
"527","BART",2015,"Muni Route 36 Teresita","36 Teresita","SF Muni"
"528","BART",2015,"Muni Route 49 Van Ness/Mission","49 Van Ness Mission","SF Muni"
"529","BART",2015,"Muni F Light Rail: Market & Wharves - Historic Streetcar","F Market & Wharves","SF Muni"
"530","BART",2015,"Muni Route 28 19th Avenue","28 19th Avenue","SF Muni"
"531","BART",2015,"AC Transit Route F UC Campus Berkeley","F UC Campus Berkeley","AC Transit"
"532","BART",2015,"Muni Route 33 Ashbury-18th","33 Ashbury 18th","SF Muni"
"533","BART",2015,"Genentech Shuttle (Glen Park, others)","Shuttle","Caltrain"
"534","BART",2015,"Muni Route 67 Bernal Heights","67 Bernal Heights","SF Muni"
"535","BART",2015,"AC Transit Route 51A Rockridge BART to Fruitvale BART","51A Rockridge BART to Fruitvale BART","AC Transit"
"536","BART",2015,"AC Transit Route 49 Rockridge BART to Berkeley BART","49 Rockridge BART to Berkeley BART","AC Transit"
"537","BART",2015,"Muni Route 38L Geary Limited","38L Geary Limited","SF Muni"
"538","BART",2015,"AC Transit Route 57 Emeryville to Foothill Square Oakland","57 Emeryville to Foothill Square Oakland","Emeryville MTA"
"539","BART",2015,"Caltrain (unspecified)","Caltrain","Caltrain"
"540","BART",2015,"Muni Route 31 Balboa","31 Balboa","SF Muni"
"541","BART",2015,"Muni Route 8AX Bayshore A Express","8AX Bayshore A Express","SF Muni"
"542","BART",2015,"Muni Route 10 Townsend","10 Townsend","SF Muni"
"543","BART",2015,"AirTrain (SF Airport)","AirTrain (SF Airport)","AirTrain"
"544","BART",2015,"Muni Route 1 California","1 California","SF Muni"
"545","BART",2015,"Muni Route 7R Haight/Noriega Rapid","7R Haight Noriega Rapid","SF Muni"
"546","BART",2015,"SamTrans Route 122  South San Francisco BART  Stonestown","122","SamTrans"
"547","BART",2015,"Muni Route 43 Masonic","43 Masonic","SF Muni"
"548","BART",2015,"SolTrans Route 78 Vallejo/Walnut Creek Bart","78 Vallejo/Walnut Creek Bart","SolTrans"
"549","BART",2015,"Muni Route 6 Haight-Parnassus","6 Haight Parnassus","SF Muni"
"550","BART",2015,"Muni Cable Car - Powell/Hyde","Cable Car","SF Muni"
"551","BART",2015,"SolTrans Route 80 Vallejo/El Cerrito Del Norte BART","80 Vallejo/El Cerrito Del Norte BART","SolTrans"
"552","BART",2015,"SamTrans Route ECR Palo Alto - Daly City","ECR Palo Alto - Daly City","SamTrans"
"553","BART",2015,"AC Transit Route 1R International Rapid","1R International Rapid","AC Transit"
"554","BART",2015,"Muni Route 5L Fulton_Limited","5L Fulton_Limited","SF Muni"
"555","BART",2015,"Muni Route 47 Van Ness","47 Van Ness","SF Muni"
"556","BART",2015,"SamTrans Route 121  Skyline College  Daly City BART","121","SamTrans"
"557","BART",2015,"UCSF Shuttle - Mission Bay, Parnassus (16th St)","Shuttle","UCSF"
"558","BART",2015,"CPMC Hospital Shuttle (Civic Ctr, 24th St)","Shuttle","CPMC"
"559","BART",2015,"SamTrans Route 250  Downtown San Mateo  College of San Mateo","250","SamTrans"
"560","BART",2015,"County Connection Route 35 BART Dublin/San Ramon","35 BART Dublin/San Ramon","County Connection"
"561","BART",2015,"Caltrain LOCAL Local 100","Local 100","Caltrain"
"562","BART",2015,"Tri Delta Transit Route 300 Pittsburg BART / Brentwood Park & Ride"," 300 Pittsburg BART / Brentwood Park & Ride","Tri Delta"
"563","BART",2015,"Rio Vista Delta Breeze Route 52 State Route 160 Express","52 State Route 160 Express","Rio Vista Delta"
"564","BART",2015,"Tri Delta Transit Route 387 Pittsburg BART / Antioch"," 387 Pittsburg BART / Antioch","Tri Delta"
"565","BART",2015,"Tri Delta Transit Route 380 Pittsburg BART / Antioch"," 380 Pittsburg BART / Antioch","Tri Delta"
"566","BART",2015,"Tri Delta Transit Route 390 Pittsburg BART / Hillcrest Park & Ride"," 390 Pittsburg BART / Hillcrest Park & Ride","Tri Delta"
"567","BART",2015,"County Connection Route 20 DVC/BART Concord","20 DVC/BART Concord","County Connection"
"568","BART",2015,"AC Transit Route 72M Point Richmond to Oakland Amtrak","72M Point Richmond to Oakland Amtrak","AC Transit"
"569","BART",2015,"County Connection Route 16 AMTRAK/BART Concord","16 AMTRAK/BART Concord","County Connection"
"570","BART",2015,"County Connection Route 10 BART Concord/Clayton","10 BART Concord/Clayton","County Connection"
"571","BART",2015,"County Connection Route 15 Treat Blvd","15 Treat Blvd","County Connection"
"572","BART",2015,"Tri Delta Transit Route 388 Pittsburg BART / Hillcrest Park & Ride"," 388 Pittsburg BART / Hillcrest Park & Ride","Tri Delta"
"573","BART",2015,"Tri Delta Transit Route 391 Pittsburg BART / Brentwood Park & Ride"," 391 Pittsburg BART / Brentwood Park & Ride","Tri Delta"
"574","BART",2015,"AC Transit Route 376 El Cerrito Del Norte BART to Richmond Parkway Transit Center","376 El Cerrito Del Norte BART to Richmond Parkway Transit Center","AC Transit"
"575","BART",2015,"AC Transit Route 31 Alameda Point to MacArthur BART","31 Alameda Point to MacArthur BART","AC Transit"
"576","BART",2015,"County Connection Route 11 BART Concord/BART Pleasant","11 BART Concord/BART Pleasant","County Connection"
"577","BART",2015,"County Connection Route 9 DVC/BART Walnut Creek","9 DVC/BART Walnut Creek","County Connection"
"578","BART",2015,"County Connection Route 7 Shadelands/BART Pleasant Hill/BART Walnut Creek","7 Shadelands/BART Pleasant Hill/BART Walnut Creek","County Connection"
"579","BART",2015,"County Connection Route 17 BART Concord/North Concord","17 BART Concord/North Concord","County Connection"
"580","BART",2015,"County Connection Route 14 Monument Blvd","14 Monument Blvd","County Connection"
"581","BART",2015,"Tri Delta Transit Route 385 Antioch/Brentwood via Hillcrest"," 385 Antioch/Brentwood via Hillcrest","Tri Delta"
"582","BART",2015,"County Connection Route 28 BART North Concord/Martinez","28 BART North Concord/Martinez","County Connection"
"583","BART",2015,"County Connection Route 18 AMTRAK/BART Pleasant Hill","18 AMTRAK/BART Pleasant Hill","County Connection"
"584","BART",2015,"Emery Go-Round Shuttle (MacArthur)","Go-Round Shuttle (MacArthur)","Emeryville MTA"
"585","BART",2015,"County Connection Route 5 Creekside/BART Walnut Creek","5 Creekside/BART Walnut Creek","County Connection"
"586","BART",2015,"County Connection Route 21 BART Walnut Creek/San Ramon","21 BART Walnut Creek/San Ramon","County Connection"
"587","BART",2015,"Kaiser Shuttles (MacArthur, Richmond, others)","Shuttle","Kaiser"
"588","BART",2015,"AC Transit Route 18 University Village  Albany  to Montclair","18 University Village Albany to Montclair","AC Transit"
"589","BART",2015,"County Connection Route 98X Martinez/BART Walnut Creek","98X Martinez/BART Walnut Creek","County Connection"
"590","BART",2015,"County Connection Route 1 Rossmoor/Shadelands","1 Rossmoor/Shadelands","County Connection"
"591","BART",2015,"WestCAT Route JL Express - Del Norte BART/Hilltop Shopping Center","JL Express - Del Norte BART/Hilltop Shopping Center","WestCAT"
"592","BART",2015,"AC Transit Route 73 Eastmont Transit Center to Oakland Airport","73 Eastmont Transit Center to Oakland Airport","AC Transit"
"593","BART",2015,"AC Transit Route 99 Bay Fair BART to Fremont BART","99 Bay Fair BART to Fremont BART","AC Transit"
"594","BART",2015,"AC Transit Route NL Eastmont Transit Center Oakland","NL Eastmont Transit Center Oakland","AC Transit"
"595","BART",2015,"AC Transit Route 71 El Cerrito Plaza BART to Richmond Parkway Transit Center","71 El Cerrito Plaza BART to Richmond Parkway Transit Center","AC Transit"
"596","BART",2015,"AC Transit Route 76 El Cerrito del Norte BART to Hilltop Mall","76 El Cerrito del Norte BART to Hilltop Mall","AC Transit"
"597","BART",2015,"CSU East Bay Shuttle (Castro Valley, Hayward, Concord)","Shuttle","CSU"
"598","BART",2015,"Muni Route 30X Marina Express","30X Marina Express","SF Muni"
"599","BART",2015,"County Connection Route 6 Lafayette/Moraga/Orinda","6 Lafayette/Moraga/Orinda","County Connection"
"600","BART",2015,"Tri Delta Transit Route 389 Pittsburg BART / Bay Point"," 389 Pittsburg BART / Bay Point","Tri Delta"
"601","BART",2015,"AC Transit Route 12 Berkeley BART to Downtown Oakland","12 Berkeley BART to Downtown Oakland","AC Transit"
"602","BART",2015,"Tri Delta Transit Route 201 Pittsburg BART to Concord BART"," 201 Pittsburg BART to Concord BART","Tri Delta"
"603","BART",2015,"AC Transit Route 70 Richmond BART to Richmond Pkwy. Transit Center","70 Richmond BART to Richmond Pkwy. Transit Center","AC Transit"
"604","BART",2015,"SamTrans Route 130  South San Francisco BART  Daly City BART","130","SamTrans"
"605","BART",2015,"AC Transit Route 72R San Pablo Rapid -- Contra Costa College to Jack London Square","72R San Pablo Rapid -- Contra Costa College to Jack London Square","AC Transit"
"606","BART",2015,"AC Transit Route 52 University Village to UC Campus (Berkeley BART).","52 University Village to UC Campus (Berkeley BART).","AC Transit"
"607","BART",2015,"AC Transit Route 86 Hayward BART to South Hayward BART","86 Hayward BART to South Hayward BART","AC Transit"
"608","BART",2015,"AC Transit Route 217 Fremont BART to Great Mall","217 Fremont BART to Great Mall","AC Transit"
"609","BART",2015,"SolTrans Route 2 Gateway Plaza - Vallejo Campus/Downtown","2 Gateway Plaza - Vallejo Campus/Downtown","SolTrans"
"610","BART",2015,"AC Transit Route 75 San Leandro BART to  Bay Fair BART","75 San Leandro BART to Bay Fair BART","SLTMO"
"611","BART",2015,"WestCAT Route JPX Express - Del Norte BART to Hercules Transit Center","JPX Express - Del Norte BART to Hercules Transit Center","WestCAT"
"612","BART",2015,"San Joaquin (Amtrak)","San Joaquin (Amtrak)","San Joaquin"
"613","BART",2015,"AC Transit Route 60 Hayward BART to Cal State East Bay","60 Hayward BART to Cal State East Bay","AC Transit"
"614","BART",2015,"Wheels (LAVTA) Route 12 East Dublin / College / Northwest Livermore"," 12 East Dublin / College / Northwest Livermore","LAVTA"
"615","BART",2015,"Wheels (LAVTA) Route 10 Stoneridge - East Avenue"," 10 Stoneridge - East Avenue","LAVTA"
"616","BART",2015,"WestCAT Route JR Express - Del Norte BART/Richmond Parkway Transit Center","JR Express - Del Norte BART/Richmond Parkway Transit Center","WestCAT"
"617","BART",2015,"AC Transit Route 232 Fremont BART to New Park Mall","232 Fremont BART to New Park Mall","AC Transit"
"618","BART",2015,"AC Transit Route 93 Hayward BART to Bay Fair BART","93 Hayward BART to Bay Fair BART","AC Transit"
"619","BART",2015,"AC Transit Route 85 San Leandro BART to South Hayward BART","85 San Leandro BART to South Hayward BART","SLTMO"
"620","BART",2015,"AC Transit Route 22 Hayward BART","22 Hayward BART","AC Transit"
"621","BART",2015,"SolTrans Route 1 Rancho Vallejo/Downtown","1 Rancho Vallejo/Downtown","SolTrans"
"622","BART",2015,"AC Transit Route 1 Berkeley BART to Bay Fair BART","1 Berkeley BART to Bay Fair BART","AC Transit"
"623","BART",2015,"AC Transit Route 54 Fruitvale BART to Merritt College","54 Fruitvale BART to Merritt College","AC Transit"
"624","BART",2015,"Union City Transit Route 2 Whipple","2 Whipple","Union City"
"625","BART",2015,"AC Transit Route 32 Hayward BART  to Castro Valley BART","32 Hayward BART to Castro Valley BART","AC Transit"
"626","BART",2015,"AC Transit Route 72 Hilltop Mall to Oakland Amtrak","72 Hilltop Mall to Oakland Amtrak","AC Transit"
"627","BART",2015,"AC Transit Route 74 Marina Bay  Richmond to San Pablo Dam Rd.  El Sobrante","74 Marina Bay Richmond to San Pablo Dam Rd. El Sobrante","AC Transit"
"628","BART",2015,"UC Berkeley Campus Shuttle/Bear Transit (Downtown Berkeley)","Shuttle","UC Berkeley"
"629","BART",2015,"AC Transit Route M Hayward BART to Oracle","M Hayward BART to Oracle","AC Transit"
"630","BART",2015,"AC Transit Route 21 Dimond Dist. to Oakland Airport","21 Dimond Dist. to Oakland Airport","AC Transit"
"631","BART",2015,"Alta Bates Shuttles (MacArthur, Rockridge, Ashby)","Shuttle","AC Transit"
"632","BART",2015,"San Leandro LINKS Shuttle","Shuttle","SLTMO"
"633","BART",2015,"VTA Route 181 SAN JOSE DIRIDON - FREMONT BART","181 SAN JOSE DIRIDON - FREMONT BART","VTA"
"634","BART",2015,"Fairfield and Suisun Transit (FAST) Route 90 Fairfield - El Cerrito Del Norte BART","90 Fairfield - El Cerrito Del Norte BART","FAST"
"635","BART",2015,"SolTrans Route 5 Discovery Kingdom / Vallejo Transit Center","5 Discovery Kingdom / Vallejo Transit Center","SolTrans"
"636","BART",2015,"AC Transit Route 215 Fremont BART to Gateway Blvd. & Lakeside Pkwy.","215 Fremont BART to Gateway Blvd. & Lakeside Pkwy.","AC Transit"
"637","BART",2015,"SolTrans Route 3 Glen Cove/South Vallejo","3 Glen Cove/South Vallejo","SolTrans"
"638","BART",2015,"Wheels (LAVTA) Route R Stoneridge - East Avenue (RAPID)"," R Stoneridge - East Avenue (RAPID)","LAVTA"
"639","BART",2015,"Golden Gate Transit Route 42 El Cerrito - Richmond - San Rafael","42 El Cerrito - Richmond - San Rafael","Golden Gate Transit"
"640","BART",2015,"Fairfield and Suisun Transit (FAST) Route 3 Outer Fairfield","3 Outer Fairfield","FAST"
"641","BART",2015,"AC Transit Route 216 Ohlone College Newark Campus to Union City BART","216 Ohlone College Newark Campus to Union City BART","Union City"
"642","BART",2015,"AC Transit Route 212 Fremont BART to NewPark Mall","212 Fremont BART to NewPark Mall","AC Transit"
"643","BART",2015,"AC Transit Route 83 Hayward BART to South Hayward BART","83 Hayward BART to South Hayward BART","AC Transit"
"644","BART",2015,"WestCAT Route JX Express - Del Norte BART to Hercules Transit Center","JX Express - Del Norte BART to Hercules Transit Center","WestCAT"
"645","BART",2015,"VTA Route 180 FREMONT BART - SAN JOSE DIRIDON STA","180 FREMONT BART - SAN JOSE DIRIDON STA","VTA"
"646","BART",2015,"WestCAT Route 16 Local - Pinole Valley to Richmond Parkway Transit Center","16 Local - Pinole Valley to Richmond Parkway Transit Center","WestCAT"
"647","BART",2015,"AC Transit Route 210 Ohlone College to Union Landing Shopping Center","210 Ohlone College to Union Landing Shopping Center","AC Transit"
"648","BART",2015,"AC Transit Route 37 Hayward BART to South Hayward BART","37 Hayward BART to South Hayward BART","AC Transit"
"649","BART",2015,"Fairfield and Suisun Transit (FAST) Route 30 Fairfield - Davis/Sacramento","30 Fairfield - Davis/Sacramento","FAST"
"650","BART",2015,"AC Transit Route 25 El Cerrito Plaza BART","25 El Cerrito Plaza BART","AC Transit"
"651","BART",2015,"Golden Gate Transit Route 40 El Cerrito - Richmond - San Rafael","40 El Cerrito - Richmond - San Rafael","Golden Gate Transit"
"652","BART",2015,"Muni Route 25 Treasure Island","25 Treasure Island","SF Muni"
"653","BART",2015,"AC Transit Route 98 Coliseum BART  Edgewater Dr.","98 Coliseum BART Edgewater Dr.","AC Transit"
"654","BART",2015,"AC Transit Route 200 Union City BART  Fremont BART","200 Union City BART Fremont BART","Union City"
"655","BART",2015,"Golden Gate Transit Route 45 Terra Linda - Kaiser Hospital - San Rafael","45 Terra Linda - Kaiser Hospital - San Rafael","Golden Gate Transit"
"656","BART",2015,"AC Transit Route 88 Berkeley BART to Lake Merritt BART","88 Berkeley BART to Lake Merritt BART","AC Transit"
"657","BART",2015,"AC Transit Route 251 Fremont BART  to NewPark Mall","251 Fremont BART to NewPark Mall","AC Transit"
"658","BART",2015,"SolTrans Route 85 Vallejo Transit Center/Fairfield","85 Vallejo Transit Center/Fairfield","SolTrans"
"659","BART",2015,"San Francisco State (SFSU) Shuttle (Daly City)","Shuttle","SFSU"
"660","BART",2015,"AC Transit Route 58L Oakland Amtrak to Eastmont Transit Center","58L Oakland Amtrak to Eastmont Transit Center","AC Transit"
"661","BART",2015,"WestCAT Route 30Z Regional - Hercules Transit Center to Martinez Amtrak Station","30Z Regional - Hercules Transit Center to Martinez Amtrak Station","WestCAT"
"662","BART",2015,"Union City Transit Route 5 Dyer","5 Dyer","Union City"
"663","BART",2015,"Alameda County employee shuttle (Lake Merritt, 12th St, Hayward)","Shuttle","Alameda County"
"664","BART",2015,"Wheels (LAVTA) Route 20 East Dublin - East Livermore Express"," 20 East Dublin - East Livermore Express","LAVTA"
"665","BART",2015,"Dumbarton Express Route DB1 Union City BART to Stanford Industrial Park"," DB1 Union City BART to Stanford Industrial Park","Union City"
"666","BART",2015,"Golden Gate Transit Route 70 Novato - San Francisco","70 Novato - San Francisco","Golden Gate Transit"
"667","BART",2015,"AC Transit Route 94 Hayward BART to Hayward High School.","94 Hayward BART to Hayward High School.","AC Transit"
"668","BART",2015,"Fairfield and Suisun Transit (FAST) Route 1 Fairfield Transit Center - Walmart","1 Fairfield Transit Center - Walmart","FAST"
"669","BART",2015,"AC Transit Route 11 Dimond District  Oakland","11 Dimond District Oakland","AC Transit"
"670","BART",2015,"Muni Route 12 Folsom/Pacific","12 Folsom Pacific","SF Muni"
"671","BART",2015,"AC Transit Route 275 Union City BART  Loop","275 Union City BART Loop","Union City"
"672","BART",2015,"AC Transit Route 48 Hayward BART to Bay Fair BART","48 Hayward BART to Bay Fair BART","AC Transit"
"673","BART",2015,"WestCAT Route 11 Local - Crockett  to Hercules Transit Center.","11 Local - Crockett to Hercules Transit Center.","WestCAT"
"674","BART",2015,"Dumbarton Express Route DB Union City BART to Stanford Oval"," DB Union City BART to Stanford Oval","Union City"
"675","BART",2015,"Golden Gate Transit Route 23 Shoreline Parkway - Fairfax - Manor","23 Shoreline Parkway - Fairfax - Manor","Golden Gate Transit"
"676","BART",2015,"VINE Route 29 29 Commuter Express","29 Commuter Express","Napa Vine"
"677","BART",2015,"AC Transit Route 95 Hayward BART to Fairview District","95 Hayward BART to Fairview District","AC Transit"
"678","BART",2015,"LBL / Lawrence Berkeley Lab Shuttle (Downtown Berkeley, Rockridge)","Shuttle","LBL"
"679","BART",2015,"Muni Cable Car - California","Cable Car","SF Muni"
"680","BART",2015,"Muni Route 27 Bryant","27 Bryant","SF Muni"
"681","BART",2015,"AC Transit Route 62 West Oakland BART to Fruitvale BART","62 West Oakland BART to Fruitvale BART","AC Transit"
"682","BART",2015,"County Connection Route 25 BART Lafayette/BART Walnut Creek","25 BART Lafayette/BART Walnut Creek","County Connection"
"683","BART",2015,"SamTrans Route 120  Colma BART  Daly City BART","120","SamTrans"
"684","BART",2015,"AC Transit Route 89 San Leandro BART  to Bay Fair BART","89 San Leandro BART to Bay Fair BART","SLTMO"
"685","BART",2015,"Muni Route 28L 19th Avenue Limited","28L 19th Avenue Limited","SF Muni"
"686","BART",2015,"SamTrans Route 110  Linda Mar  Daly City BART","110","SamTrans"
"687","BART",2015,"Golden Gate Transit Route 22 San Rafael - Marin City","22 San Rafael - Marin City","Golden Gate Transit"
"688","BART",2015,"PresidiGo Shuttles (Embarcadero, GG Park area)","Shuttle","PresidiGo"
"689","BART",2015,"Muni Route 29 Sunset","29 Sunset","SF Muni"
"690","BART",2015,"Muni Route 54 Felton","54 Felton","SF Muni"
"691","BART",2015,"AC Transit Route 14 Downtown Oakland to Fruitvale BART","14 Downtown Oakland to Fruitvale BART","AC Transit"
"692","BART",2015,"San Francisco General Hospital (SFGH) Shuttle (24th St, Civic Ctr)","Shuttle","SFGH"
"693","BART",2015,"SamTrans Route 141  Downtown San Bruno  San Bruno BART","141","SamTrans"
"694","BART",2015,"County Connection Route 96X BART Walnut Creek/Bishop Ranch","96X BART Walnut Creek/Shuttle","County Connection"
"695","BART",2015,"VTA Route 25 ALUM ROCK LRT - DE ANZA COLLEGE","25 ALUM ROCK LRT - DE ANZA COLLEGE","VTA"
"696","BART",2015,"Muni Route 2 Clement","2 Clement","SF Muni"
"697","BART",2015,"AC Transit Route 40 Downtown Oakland to Bay Fair BART","40 Downtown Oakland to Bay Fair BART","AC Transit"
"698","BART",2015,"Sierra Point/Brisbane Shuttle (Balboa Pk, Millbrae)","Shuttle","SamTrans"
"699","BART",2015,"AC Transit Route 45 Eastmont Transit Center to Foothill Square  Oakland","45 Eastmont Transit Center to Foothill Square Oakland","AC Transit"
"700","BART",2015,"Seton Medical Center Shuttle (Daly City)","Shuttle","SamTrans"
"701","BART",2015,"Stanford Marguerite Shuttle","Shuttle","Stanford"
"702","BART",2015,"Caltrain BABY BULLET 300","BABY BULLET 300","Caltrain"
"703","BART",2015,"SolTrans Route 7 Target Shopping Center/Vallejo Transit Center","7 Target Shopping Center/Vallejo Transit Center","SolTrans"
"704","BART",2015,"VTA Route 60 WINCHESTER LRT - GT AMERICA","60 WINCHESTER LRT - GT AMERICA","VTA"
"705","BART",2015,"B on Broadway Free Broadway Shuttle (19th St, 12th St)","Shuttle","AC Transit"
"706","BART",2015,"SamTrans Route 112  Linda Mar  Colma BART","112","SamTrans"
"707","BART",2015,"AC Transit Route 20 Dimond District  Oakland  to downtown Oakland","20 Dimond District Oakland to downtown Oakland","AC Transit"
"708","BART",2015,"VTA Route 68 GILROY - SAN JOSE DIRIDON","68 GILROY - SAN JOSE DIRIDON","VTA"
"709","BART",2015,"County Connection Route 2 Rudgear/BART Walnut Creek","2 Rudgear/BART Walnut Creek","County Connection"
"710","BART",2015,"AC Transit Route 46 Coliseum BART to Oakland Zoo","46 Coliseum BART to Oakland Zoo","AC Transit"
"711","BART",2015,"SamTrans Route 140  Pacific Manor  San Bruno BART","140","SamTrans"
"712","BART",2015,"Caltrain LIMITED Limited 200","Limited 200","Caltrain"
"713","BART",2015,"VTA Route 10 METRO/AIRPORT - CTRN","10 METRO/AIRPORT - CTRN","VTA"
"714","BART",2015,"AC Transit Route C Highland Ave. Piedmont","C Highland Ave. Piedmont","AC Transit"
"715","BART",2015,"County Connection Route 315 BART Concord/Landana","315 BART Concord/Landana","County Connection"
"716","BART",2015,"VTA Route 522 EASTRIDGE - PALO ALTO","522 EASTRIDGE - PALO ALTO","VTA"
"717","BART",2015,"West Berkeley Shuttle (Ashby)","Shuttle","Berkeley Gateway TMA"
"718","BART",2015,"AC Transit Route 47 Fruitvale BART to Maxwell Park","47 Fruitvale BART to Maxwell Park","AC Transit"
"719","BART",2015,"Highland Hospital Shuttle (Lake Merritt)","Shuttle","Highland Hospital"
"720","BART",2015,"County Connection Route 36 San Ramon/BART Dublin","36 San Ramon/BART Dublin","County Connection"
"721","BART",2015,"AC Transit Route 39 Fruitvale BART to Skyline High School","39 Fruitvale BART to Skyline High School","AC Transit"
"722","BART",2015,"County Connection Route 626 St Marys College/BART Lafayette","626 St Marys College/BART Lafayette","County Connection"
"723","BART",2015,"SamTrans Route 270  Redwood City Caltrain Station  Marsh Road (Menlo Park)","270","SamTrans"
"724","BART",2015,"Capitol Corridor Sacramento/San Jose","Capitol Corridor Sacramento/San Jose","Capitol Corridor"
"725","BART",2015,"SamTrans Route 292  Hillsdale Shopping Center  SF International Airport San Francisco","292","SamTrans"
"726","BART",2015,"SamTrans Route 43  Millbrae Square San Bruno BART","43","SamTrans"
"727","BART",2015,"Burlingame Bayside Shuttle (Millbrae/Caltrain)","Shuttle","Caltrain"
"728","BART",2015,"Muni Route 91 Owl","91 Owl","SF Muni"
"729","BART",2015,"Broadway Shuttle (Millbrae/Caltrain)","Shuttle","AC Transit"
"730","BART",2015,"AC Transit Route 239 Fremont BART to Warm Springs Blvd. & Dixon Landing Rd.","239 Fremont BART to Warm Springs Blvd. & Dixon Landing Rd.","AC Transit"
"731","BART",2015,"Oyster Point Shuttle (South SF)","Shuttle","Caltrain"
"732","BART",2015,"Utah Grand Shuttle (South SF)","Shuttle","Utah Grand"
"733","BART",2015,"VTA Route 52 DNTN MTN VIEW - FOOTHILL COLLEGE","52 DNTN MTN VIEW - FOOTHILL COLLEGE","VTA"
"734","BART",2015,"SamTrans Route 133  Tanforan  South San Francisco BART","133","SamTrans"
"735","BART",2015,"VTA 900 Light Rail: OHLONE/CHYNOWETH - ALMADEN","VTA 900 Light Rail","VTA"
"736","BART",2015,"Muni Route 9 San Bruno","9 San Bruno","SF Muni"
"737","BART",2015,"AC Transit Route 67 Berkeley BART to Grizzly Peak","67 Berkeley BART to Grizzly Peak","AC Transit"
"738","BART",2015,"Wheels (LAVTA) Route 15 Springtown"," 15 Springtown","LAVTA"
"739","BART",2015,"Muni Route 45 Union/Stockton","45 Union Stockton","SF Muni"
"740","BART",2015,"County Connection Route 97X BART Dublin/Bishop Ranch","97X BART Dublin/Shuttle","County Connection"
"741","BART",2015,"Muni Route 55 16th St.","55 16th Street","SF Muni"
"742","BART",2015,"Union City Transit Route 4 Seven Hills","4 Seven Hills","Union City"
"743","BART",2015,"AC Transit Route 7 El Cerrito del Norte BART","7 El Cerrito del Norte BART","AC Transit"
"744","BART",2015,"Muni Route 24 Divisadero","24 Divisadero","SF Muni"
"745","BART",2015,"Wheels (LAVTA) Route 8 Hopyard"," 8 Hopyard","LAVTA"
"746","BART",2015,"AC Transit Route 65 Berkeley BART to Lawrence Hall of Science","65 Berkeley BART to Lawrence Hall of Science","AC Transit"
"747","BART",2015,"Golden Gate Transit Route 101 Santa Rosa - San Francisco","101 Santa Rosa - San Francisco","Golden Gate Transit"
"748","BART",2015,"Golden Gate Transit Route 10 Strawberry - San Francisco","10 Strawberry - San Francisco","Golden Gate Transit"
"749","BART",2015,"Childrens Hospital Oakland Shuttle (MacArthur)","Shuttle","UCSF"
"750","BART",2015,"Apple Shuttle (various)","Shuttle","Apple"
"751","BART",2015,"Facebook Shuttle (Ashby, MacArthur)","Shuttle","Facebook"
"752","BART",2015,"Crocker Park/Brisbane Shuttle (Balboa Pk/Caltrain)","Shuttle","Caltrain"
"753","BART",2015,"Muni Route 41 Union","41 Union","SF Muni"
"754","BART",2015,"Muni Route 3 Jackson","3 Jackson","SF Muni"
"755","BART",2015,"Marin Transit Route 219 Tiburon - Marin City"," 219 Tiburon - Marin City","Marin Transit"
"756","BART",2015,"County Connection Route 19 AMTRAK/BART Concord","19 AMTRAK/BART Concord","County Connection"
"757","BART",2015,"Golden Gate Transit Route 4 Mill Valley - San Francisco","4 Mill Valley - San Francisco","Golden Gate Transit"
"758","BART",2015,"VTA Route 17 GILROY TRANSIT CTR - ST LOUISE HOSP","17 GILROY TRANSIT CTR - ST LOUISE HOSP","VTA"
"759","BART",2015,"Muni Route 1BX California B Express","1BX California B Express","SF Muni"
"760","BART",2015,"VTA Route 64 ALMADEN LRT - MCKEE & WHITE","64 ALMADEN LRT - MCKEE & WHITE","VTA"
"761","BART",2015,"Wheels (LAVTA) Route 401 Big Trees Park"," 401 Big Trees Park","LAVTA"
"762","BART",2015,"Harbor Bay Shuttle (Coliseum)","Shuttle","Harbor Bay"
"763","BART",2015,"ACE Stockton/San Jose","Stockton/San Jose","ACE"
"764","BART",2015,"Wheels (LAVTA) Route 604 Fairlands / Hacienda / Muirwood"," 604 Fairlands / Hacienda / Muirwood","LAVTA"
"765","BART",2015,"Downtown Walnut Creek Trolley/Shuttle ""Free Ride (County Connection Route 4)","Downtown Walnut Creek Trolley/Shuttle ""Free Ride (4)","County Connection"
"766","BART",2015,"County Connection Route 95X San Ramon/BART Walnut Creek","95X San Ramon/BART Walnut Creek","County Connection"
"767","BART",2015,"VTA Route 46 GREAT MALL - WASHINGTON/ESCUELA","46 GREAT MALL - WASHINGTON/ESCUELA","VTA"
"768","BART",2015,"Golden Gate Transit Route 101X Santa Rosa - San Francisco","101X Santa Rosa - San Francisco","Golden Gate Transit"
"769","BART",2015,"Muni Route 9L San Bruno Limited","9L San Bruno Limited","SF Muni"
"770","BART",2015,"VTA Route 35 STANFORD SHOP CTR - DNTN MTN VIEW","35 STANFORD SHOP CTR - DNTN MTN VIEW","VTA"
"771","BART",2015,"SamTrans Route 296  Redwood City  East Palo Alto","296","SamTrans"
"772","BART",2015,"Muni Route 7X Noriega Express","7X Noriega Express","SF Muni"
"773","BART",2015,"Golden Gate Transit Route 27 San Anselmo - San Francisco","27 San Anselmo - San Francisco","Golden Gate Transit"
"774","BART",2015,"Muni Route 1AX California A Express","1AX California A Express","SF Muni"
"775","BART",2015,"VTA Route 323 DE ANZA COL - DOWNTOWN SAN JOSE","323 DE ANZA COL - DOWNTOWN SAN JOSE","VTA"
"776","BART",2015,"Muni Route 8BX Bayshore B Express","8BX Bayshore B Express","SF Muni"
"777","BART",2015,"Union City Transit Route 1 Alvarado-Niles: Union City Blvd / Dyer","1 Alvarado-Niles: Union City Blvd / Dyer","Union City"
"778","BART",2015,"Muni S Light Rail: Castro Shuttle - Metro","S Castro Shuttle","SF Muni"
"779","BART",2015,"AC Transit Route 657 Coliseum BART to Oakland Technical High School","657 Coliseum BART to Oakland Technical High School","AC Transit"
"780","BART",2015,"County Connection Route 92X ACE Express","92X ACE Express","County Connection"
"781","BART",2015,"Fairfield and Suisun Transit (FAST) Route 5 Suisun City West","5 Suisun City West","FAST"
"782","BART",2015,"VTA Route 120 FREMONT BART - LOCKHEED MARTIN","120 FREMONT BART - LOCKHEED MARTIN","VTA"
"783","BART",2015,"VTA Route 81 SAN JOSE STATE - CUPERTINO SQUARE","81 SAN JOSE STATE - CUPERTINO SQUARE","VTA"
"784","BART",2015,"VINE Route 21 Napa Solano Express","21 Napa Solano Express","Napa Vine"
"785","BART",2015,"SamTrans Route 118  Crespi Park & Ride Colma BART","118","SamTrans"
"786","BART",2015,"Missing - Dummy Record","Missing - Dummy Record","Missing"
"787","BART",2015,"VTA Route 71 EASTRIDGE- GREAT MALL/MAIN","71 EASTRIDGE- GREAT MALL/MAIN","VTA"
"788","BART",2015,"VTA 901 Light Rail:  ALUM ROCK-SANTA TERESA VIA BAYPOINT","VTA 901 Light Rail","VTA"
"789","BART",2015,"Wheels (LAVTA) Route 54 Hacienda"," 54 Hacienda","LAVTA"
"790","BART",2015,"Wheels (LAVTA) Route 53 Stoneridge"," 53 Stoneridge","LAVTA"
"791","BART",2015,"Wheels (LAVTA) Route 1 East Dublin/ Pleasanton"," 1 East Dublin/ Pleasanton","LAVTA"
"792","BART",2015,"Muni Cable Car - Powell/Mason","Cable Car","SF Muni"
"793","BART",2015,"County Connection Route 260 BART Concord/Cal State East Bay","260 BART Concord/Cal State East Bay","County Connection"
"794","BART",2015,"Bishop Ranch Shuttle (Walnut Creek)","Shuttle","Bishop Ranch"
"795","BART",2015,"County Connection Route 310 BART Concord-Clayton Rd/Kirker Pass Rd","310 BART Concord-Clayton Rd/Kirker Pass Rd","County Connection"
"796","BART",2015,"County Connection Route 316 Martinez AMTRAK/BART Pleasant Hill","316 Martinez AMTRAK/BART Pleasant Hill","County Connection"
"797","BART",2015,"County Connection Route 321 Walnut Creek BART/San Ramon","321 Walnut Creek BART/San Ramon","County Connection"
"798","BART",2015,"Golden Gate Transit Route 72 Santa Rosa - Rohnert Park - San Francisco","72 Santa Rosa - Rohnert Park - San Francisco","Golden Gate Transit"
"799","BART",2015,"Golden Gate Transit Route 24 Manor - Fairfax - San Francisco","24 Manor - Fairfax - San Francisco","Golden Gate Transit"
"800","BART",2015,"Muni Route NX Judah Express BUS - Peak direction only","NX Judah Express BUS   Peak direction only","SF Muni"
"801","BART",2015,"North Burlingame shuttle","Shuttle","Caltrain"
"802","BART",2015,"Fairmont Hospital / Juvenile Justice Shuttle (Bay Fair)","Shuttle","Fairmont Hospital"
"803","BART",2015,"Muni Route 83X Mid-Market Express","83X Mid Market Express","SF Muni"
"804","BART",2015,"County Connection Route 311 BART Concord/BART PH/BART WC","311 BART Concord/BART PH/BART WC","County Connection"
"805","BART",2015,"Wheels (LAVTA) Route 70XV Stoneridge - Pleasant Hill Express"," 70XV Stoneridge - Pleasant Hill Express","LAVTA"
"806","BART",2015,"Yahoo Shuttle (Fremont, Glen Park, MacArthur)","Shuttle","Yahoo"
"807","BART",2015,"County Connection Route 320 DVC/BART Concord","320 DVC/BART Concord","County Connection"
"808","BART",2015,"SamTrans Route 398","398","SamTrans"
"809","BART",2015,"County Connection Route 93X Kirker Pass Express","93X Kirker Pass Express","County Connection"
"810","BART",2015,"AC Transit Route O Park Ave. & Encinal Ave. Alameda","O Park Ave. & Encinal Ave. Alameda","AC Transit"
"811","BART",2015,"Foster City-North Shuttle (Millbrae/Caltrain)","Shuttle","Caltrain"
"812","BART",2015,"SamTrans Route 28 Serramonte Center - South San Francisco School","28","SamTrans"
"813","BART",2015,"Wheels (LAVTA) Route 3 West Dublin/ Pleasanton"," 3 West Dublin/ Pleasanton","LAVTA"
"814","BART",2015,"AC Transit Route E Caldecott Ln. Oakland","E Caldecott Ln. Oakland","AC Transit"
"815","BART",2015,"SamTrans Route 49  Terra Nova School - Airport/San Bruno","49","SamTrans"
"816","BART",2015,"Bayhill Shuttle (San Bruno)","Shuttle","Caltrain"
"817","BART",2015,"Muni Route 31BX Balboa B Express","31BX Balboa B Express","SF Muni"
"818","BART",2015,"Fairfield and Suisun Transit (FAST) Route 40 Vacaville - Walnut Creek BART","40 Vacaville - Walnut Creek BART","FAST"
"819","BART",2015,"Wheels (LAVTA) Route R Stoneridge - East Avenue"," R Stoneridge - East Avenue","LAVTA"
"820","BART",2015,"AC Transit Route 851 All Nighter. Downtown Berkeley to Fruitvale BART","851 All Nighter. Downtown Berkeley to Fruitvale BART","AC Transit"
"821","BART",2015,"County Connection Route 91X Concord Commuter Express","91X Concord Commuter Express","County Connection"
"822","BART",2015,"AC Transit Route U Fremont BART to Stanford University","U Fremont BART to Stanford University","AC Transit"
"823","BART",2015,"Muni Route 82X Levi Plaza Express","82X Levi Plaza Express","SF Muni"
"824","BART",2015,"Estuary Crossing - College of Alameda Shuttle (Lake Merritt)","Shuttle","City of Alameda"
"825","BART",2015,"Wheels (LAVTA) Route 9 Hacienda Business Park"," 9 Hacienda Business Park","LAVTA"
"826","BART",2015,"Wheels (LAVTA) Route 2 Dublin Ranch"," 2 Dublin Ranch","LAVTA"
"827","BART",2015,"AC Transit Route 805 All Nighter. Downtown Oakland to Oakland Airport","805 All Nighter. Downtown Oakland to Oakland Airport","AC Transit"
"828","BART",2015,"VTA 902 Light Rail:  MOUNTAIN VIEW - WINCHESTER","VTA 902 Light Rail","VTA"
"829","BART",2015,"VTA Route 51 VALLCO - MOFFETT FLD/AMES CTR","51 VALLCO - MOFFETT FLD/AMES CTR","VTA"
"830","BART",2015,"SamTrans Route 251  Bridgepoint  Hillsdale Shopping Center","251","SamTrans"
"831","BART",2015,"SamTrans Route 260  Carlmont Village San Carlos Caltrain","260","SamTrans"
"832","BART",2015,"VTA Route 66 STA TERESA HOSP. - MILPITAS/DIXON","66 STA TERESA HOSP. - MILPITAS/DIXON","VTA"
"833","BART",2015,"VTA Route 23 ALUM ROCK TRANSIT CTR - DE ANZA COL","23 ALUM ROCK TRANSIT CTR - DE ANZA COL","VTA"
"834","BART",2015,"Santa Cruz Metro Route 17"," 17","Santa Cruz Metro"
"835","BART",2015,"VTA Route 32 STA CLARA CTRN -SN ANTONIO SHOP CTR","32 STA CLARA CTRN -SN ANTONIO SHOP CTR","VTA"
"836","BART",2015,"VTA Route 89 CALIFORNIA AVE CTRN-VETS HOSPITAL","89 CALIFORNIA AVE CTRN-VETS HOSPITAL","VTA"
"837","BART",2015,"VTA Route 72 SANTA TERESA - DOWNTOWN SAN JOSE","72 SANTA TERESA - DOWNTOWN SAN JOSE","VTA"
"838","BART",2015,"VTA Route 22 EASTRIDGE - PALO ALTO/MENLO PARK","22 EASTRIDGE - PALO ALTO/MENLO PARK","VTA"
"839","BART",2015,"SolTrans Route 4 Tuolumne St / Vallejo Transit Center","4 Tuolumne St / Vallejo Transit Center","SolTrans"
"840","BART",2015,"Muni Route 18 46th Avenue","18 46th Avenue","SF Muni"
"841","BART",2015,"WestCAT Route 12 Local - Hercules Trees and Flowers: Loop","12 Local - Hercules Trees and Flowers: Loop","WestCAT"
"842","BART",2015,"VTA Route 40 LA AVENIDA - SN ANTONIO SHOP CTR","40 LA AVENIDA - SN ANTONIO SHOP CTR","VTA"
"843","BART",2015,"VTA Route 82 WESTGATE - 21ST & MISSION","82 WESTGATE - 21ST & MISSION","VTA"
"844","BART",2015,"SamTrans Route 281  Stanford Shopping Center  Palo Alto Caltrain East Palo Alto","281","SamTrans"
"845","BART",2015,"Fairfield and Suisun Transit (FAST) Route 20 Fairfield - Vacaville","20 Fairfield - Vacaville","FAST"
"846","BART",2015,"Monterey-Salinas Transit Route 55","55","Monterey-Salinas Transit"
"847","BART",2015,"Santa Rosa CityBus Route 5 Santa Rosa Avenue","5 Santa Rosa Avenue","Santa Rosa City"
"848","BART",2015,"SamTrans Route 17 Moss Beach (Seton Medical Center Coastside)  Half Moon Bay","17","SamTrans"
"849","BART",2015,"SamTrans Route 256","256","SamTrans"
"850","BART",2015,"VTA Route 62 GOOD SAM HOSP - SIERA & PIEDMONT","62 GOOD SAM HOSP - SIERA & PIEDMONT","VTA"
"851","BART",2015,"VTA Route 323","323","VTA"
"852","BART",2015,"Mariners Island shuttle","Shuttle","Caltrain"
"853","BART",2015,"VTA Route 902","902 Light Rail","VTA"
"854","BART",2015,"Santa Rosa City Bus Route 8","8","Santa Rosa City"
"855","BART",2015,"SamTrans FLX","FLX","SamTrans"
"856","BART",2015,"Golden Gate Transit Route 61","61","Golden Gate Transit"
"857","BART",2015,"Rio Vista Delta Breeze Route 50 State Route 12 Express","50 State Route 12 Express","Rio Vista Delta"
