"","survey","entry","base_name","operator"
"1","SFMTA","10-Townsend [ INBOUND ]","10-Townsend","MUNI"
"2","SFMTA","10-Townsend [ OUTBOUND ]","10-Townsend","MUNI"
"3","SFMTA","12-Folsom/Pacific [ INBOUND ]","12-Folsom/Pacific","MUNI"
"4","SFMTA","12-Folsom/Pacific [ OUTBOUND ]","12-Folsom/Pacific","MUNI"
"5","SFMTA","14-Mission [ INBOUND ]","14-Mission","MUNI"
"6","SFMTA","14-Mission [ OUTBOUND ]","14-Mission","MUNI"
"7","SFMTA","14R-Mission Rapid [ INBOUND ]","14R-Mission Rapid","MUNI"
"8","SFMTA","14R-Mission Rapid [ OUTBOUND ]","14R-Mission Rapid","MUNI"
"9","SFMTA","14X-Mission Express [ INBOUND ]","14X-Mission Express","MUNI"
"10","SFMTA","14X-Mission Express [ OUTBOUND ]","14X-Mission Express","MUNI"
"11","SFMTA","18-46th Avenue [ INBOUND ]","18-46th Avenue","MUNI"
"12","SFMTA","18-46th Avenue [ OUTBOUND ]","18-46th Avenue","MUNI"
"13","SFMTA","19-Polk [ INBOUND ]","19-Polk","MUNI"
"14","SFMTA","19-Polk [ OUTBOUND ]","19-Polk","MUNI"
"15","SFMTA","1AX-California A Express [ INBOUND ]","1AX-California A Express","MUNI"
"16","SFMTA","1AX-California A Express [ OUTBOUND ]","1AX-California A Express","MUNI"
"17","SFMTA","1BX-California B Express [ INBOUND ]","1BX-California B Express","MUNI"
"18","SFMTA","1BX-California B Express [ OUTBOUND ]","1BX-California B Express","MUNI"
"19","SFMTA","1-California [ INBOUND ]","1-California","MUNI"
"20","SFMTA","1-California [ OUTBOUND ]","1-California","MUNI"
"21","SFMTA","21-Hayes [ INBOUND ]","21-Hayes","MUNI"
"22","SFMTA","21-Hayes [ OUTBOUND ]","21-Hayes","MUNI"
"23","SFMTA","22-Fillmore [ INBOUND ]","22-Fillmore","MUNI"
"24","SFMTA","22-Fillmore [ OUTBOUND ]","22-Fillmore","MUNI"
"25","SFMTA","23-Monterey [ INBOUND ]","23-Monterey","MUNI"
"26","SFMTA","23-Monterey [ OUTBOUND ]","23-Monterey","MUNI"
"27","SFMTA","24-Divisadero [ INBOUND ]","24-Divisadero","MUNI"
"28","SFMTA","24-Divisadero [ OUTBOUND ]","24-Divisadero","MUNI"
"29","SFMTA","25-Treasure Island [ INBOUND ]","25-Treasure Island","MUNI"
"30","SFMTA","25-Treasure Island [ OUTBOUND ]","25-Treasure Island","MUNI"
"31","SFMTA","27-Bryant [ INBOUND ]","27-Bryant","MUNI"
"32","SFMTA","27-Bryant [ OUTBOUND ]","27-Bryant","MUNI"
"33","SFMTA","28-19th Avenue [ INBOUND ]","28-19th Avenue","MUNI"
"34","SFMTA","28-19th Avenue [ OUTBOUND ]","28-19th Avenue","MUNI"
"35","SFMTA","28R-19th Avenue Rapid [ INBOUND ]","28R-19th Avenue Rapid","MUNI"
"36","SFMTA","28R-19th Avenue Rapid [ OUTBOUND ]","28R-19th Avenue Rapid","MUNI"
"37","SFMTA","29-Sunset [ INBOUND ]","29-Sunset","MUNI"
"38","SFMTA","29-Sunset [ OUTBOUND ]","29-Sunset","MUNI"
"39","SFMTA","2-Clement [ INBOUND ]","2-Clement","MUNI"
"40","SFMTA","2-Clement [ OUTBOUND ]","2-Clement","MUNI"
"41","SFMTA","30-Stockton [ INBOUND ]","30-Stockton","MUNI"
"42","SFMTA","30-Stockton [ OUTBOUND ]","30-Stockton","MUNI"
"43","SFMTA","30X-Marina Express [ INBOUND ]","30X-Marina Express","MUNI"
"44","SFMTA","30X-Marina Express [ OUTBOUND ]","30X-Marina Express","MUNI"
"45","SFMTA","31AX-Balboa A Express [ INBOUND ]","31AX-Balboa A Express","MUNI"
"46","SFMTA","31AX-Balboa A Express [ OUTBOUND ]","31AX-Balboa A Express","MUNI"
"47","SFMTA","31-Balboa [ INBOUND ]","31-Balboa","MUNI"
"48","SFMTA","31-Balboa [ OUTBOUND ]","31-Balboa","MUNI"
"49","SFMTA","31BX-Balboa B Express [ INBOUND ]","31BX-Balboa B Express","MUNI"
"50","SFMTA","31BX-Balboa B Express [ OUTBOUND ]","31BX-Balboa B Express","MUNI"
"51","SFMTA","33-Ashbury/18th [ INBOUND ]","33-Ashbury/18th","MUNI"
"52","SFMTA","33-Ashbury/18th [ OUTBOUND ]","33-Ashbury/18th","MUNI"
"53","SFMTA","35-Eureka [ INBOUND ]","35-Eureka","MUNI"
"54","SFMTA","35-Eureka [ OUTBOUND ]","35-Eureka","MUNI"
"55","SFMTA","36-Teresita [ INBOUND ]","36-Teresita","MUNI"
"56","SFMTA","36-Teresita [ OUTBOUND ]","36-Teresita","MUNI"
"57","SFMTA","37-Corbett [ INBOUND ]","37-Corbett","MUNI"
"58","SFMTA","37-Corbett [ OUTBOUND ]","37-Corbett","MUNI"
"59","SFMTA","38AX-Geary A Express [ INBOUND ]","38AX-Geary A Express","MUNI"
"60","SFMTA","38AX-Geary A Express [ OUTBOUND ]","38AX-Geary A Express","MUNI"
"61","SFMTA","38BX-Geary B Express [ INBOUND ]","38BX-Geary B Express","MUNI"
"62","SFMTA","38BX-Geary B Express [ OUTBOUND ]","38BX-Geary B Express","MUNI"
"63","SFMTA","38-Geary [ INBOUND ]","38-Geary","MUNI"
"64","SFMTA","38-Geary [ OUTBOUND ]","38-Geary","MUNI"
"65","SFMTA","38R-Geary Rapid [ INBOUND ]","38R-Geary Rapid","MUNI"
"66","SFMTA","38R-Geary Rapid [ OUTBOUND ]","38R-Geary Rapid","MUNI"
"67","SFMTA","39-Coit [ INBOUND ]","39-Coit","MUNI"
"68","SFMTA","39-Coit [ OUTBOUND ]","39-Coit","MUNI"
"69","SFMTA","3-Jackson [ INBOUND ]","3-Jackson","MUNI"
"70","SFMTA","3-Jackson [ OUTBOUND ]","3-Jackson","MUNI"
"71","SFMTA","41-Union [ INBOUND ]","41-Union","MUNI"
"72","SFMTA","41-Union [ OUTBOUND ]","41-Union","MUNI"
"73","SFMTA","43-Masonic [ INBOUND ]","43-Masonic","MUNI"
"74","SFMTA","43-Masonic [ OUTBOUND ]","43-Masonic","MUNI"
"75","SFMTA","44-OShaughnessy [ INBOUND ]","44-OShaughnessy","MUNI"
"76","SFMTA","44-OShaughnessy [ OUTBOUND ]","44-OShaughnessy","MUNI"
"77","SFMTA","45-Union/Stockton [ INBOUND ]","45-Union/Stockton","MUNI"
"78","SFMTA","45-Union/Stockton [ OUTBOUND ]","45-Union/Stockton","MUNI"
"79","SFMTA","47-Van Ness [ INBOUND ]","47-Van Ness","MUNI"
"80","SFMTA","47-Van Ness [ OUTBOUND ]","47-Van Ness","MUNI"
"81","SFMTA","48-Quintara/24th Street [ INBOUND ]","48-Quintara/24th Street","MUNI"
"82","SFMTA","48-Quintara/24th Street [ OUTBOUND ]","48-Quintara/24th Street","MUNI"
"83","SFMTA","49-Van Ness/Mission [ INBOUND ]","49-Van Ness/Mission","MUNI"
"84","SFMTA","49-Van Ness/Mission [ OUTBOUND ]","49-Van Ness/Mission","MUNI"
"85","SFMTA","52-Excelsior [ INBOUND ]","52-Excelsior","MUNI"
"86","SFMTA","52-Excelsior [ OUTBOUND ]","52-Excelsior","MUNI"
"87","SFMTA","54-Felton [ INBOUND ]","54-Felton","MUNI"
"88","SFMTA","54-Felton [ OUTBOUND ]","54-Felton","MUNI"
"89","SFMTA","55-16th Street [ INBOUND ]","55-16th Street","MUNI"
"90","SFMTA","55-16th Street [ OUTBOUND ]","55-16th Street","MUNI"
"91","SFMTA","56-Rutland [ INBOUND ]","56-Rutland","MUNI"
"92","SFMTA","56-Rutland [ OUTBOUND ]","56-Rutland","MUNI"
"93","SFMTA","57-Parkmerced [ INBOUND ]","57-Parkmerced","MUNI"
"94","SFMTA","57-Parkmerced [ OUTBOUND ]","57-Parkmerced","MUNI"
"95","SFMTA","5-Fulton [ INBOUND ]","5-Fulton","MUNI"
"96","SFMTA","5-Fulton [ OUTBOUND ]","5-Fulton","MUNI"
"97","SFMTA","5R-Fulton Rapid [ INBOUND ]","5R-Fulton Rapid","MUNI"
"98","SFMTA","5R-Fulton Rapid [ OUTBOUND ]","5R-Fulton Rapid","MUNI"
"99","SFMTA","66-Quintara [ INBOUND ]","66-Quintara","MUNI"
"100","SFMTA","66-Quintara [ OUTBOUND ]","66-Quintara","MUNI"
"101","SFMTA","67-Bernal Heights [ INBOUND ]","67-Bernal Heights","MUNI"
"102","SFMTA","67-Bernal Heights [ OUTBOUND ]","67-Bernal Heights","MUNI"
"103","SFMTA","6-Haight/Parnassus [ INBOUND ]","6-Haight/Parnassus","MUNI"
"104","SFMTA","6-Haight/Parnassus [ OUTBOUND ]","6-Haight/Parnassus","MUNI"
"105","SFMTA","7-Haight/Noriega [ INBOUND ]","7-Haight/Noriega","MUNI"
"106","SFMTA","7-Haight/Noriega [ OUTBOUND ]","7-Haight/Noriega","MUNI"
"107","SFMTA","7R-Haight/Noriega Rapid [ INBOUND ]","7R-Haight/Noriega Rapid","MUNI"
"108","SFMTA","7R-Haight/Noriega Rapid [ OUTBOUND ]","7R-Haight/Noriega Rapid","MUNI"
"109","SFMTA","7X-Noriega Express [ INBOUND ]","7X-Noriega Express","MUNI"
"110","SFMTA","7X-Noriega Express [ OUTBOUND ]","7X-Noriega Express","MUNI"
"111","SFMTA","81X-Caltrain Express [ INBOUND ]","81X-Caltrain Express","Caltrain"
"112","SFMTA","82X-Levi Plaza Express [ INBOUND ]","82X-Levi Plaza Express","MUNI"
"113","SFMTA","82X-Levi Plaza Express [ OUTBOUND ]","82X-Levi Plaza Express","MUNI"
"114","SFMTA","83X-Mid-Market Express [ INBOUND ]","83X-Mid-Market Express","MUNI"
"115","SFMTA","83X-Mid-Market Express [ OUTBOUND ]","83X-Mid-Market Express","MUNI"
"116","SFMTA","88-BART Shuttle [ INBOUND ]","88-BART Shuttle","MUNI"
"117","SFMTA","88-BART Shuttle [ OUTBOUND ]","88-BART Shuttle","MUNI"
"118","SFMTA","8AX-Bayshore A Express [ INBOUND ]","8AX-Bayshore A Express","MUNI"
"119","SFMTA","8AX-Bayshore A Express [ OUTBOUND ]","8AX-Bayshore A Express","MUNI"
"120","SFMTA","8-Bayshore [ INBOUND ]","8-Bayshore","MUNI"
"121","SFMTA","8-Bayshore [ OUTBOUND ]","8-Bayshore","MUNI"
"122","SFMTA","8BX-Bayshore B Express [ INBOUND ]","8BX-Bayshore B Express","MUNI"
"123","SFMTA","8BX-Bayshore B Express [ OUTBOUND ]","8BX-Bayshore B Express","MUNI"
"124","SFMTA","90-San Bruno Owl [ INBOUND ]","90-San Bruno Owl","MUNI"
"125","SFMTA","90-San Bruno Owl [ OUTBOUND ]","90-San Bruno Owl","MUNI"
"126","SFMTA","91-Owl [ INBOUND ]","91-Owl","MUNI"
"127","SFMTA","91-Owl [ OUTBOUND ]","91-Owl","MUNI"
"128","SFMTA","9R-San Bruno Rapid [ INBOUND ]","9R-San Bruno Rapid","MUNI"
"129","SFMTA","9R-San Bruno Rapid [ OUTBOUND ]","9R-San Bruno Rapid","MUNI"
"130","SFMTA","9-San Bruno [ INBOUND ]","9-San Bruno","MUNI"
"131","SFMTA","9-San Bruno [ OUTBOUND ]","9-San Bruno","MUNI"
"132","SFMTA","California Cable Car [ INBOUND ]","California Cable Car","MUNI"
"133","SFMTA","California Cable Car [ OUTBOUND ]","California Cable Car","MUNI"
"134","SFMTA","E-Embarcadero [ INBOUND ]","E-Embarcadero","MUNI"
"135","SFMTA","E-Embarcadero [ OUTBOUND ]","E-Embarcadero","MUNI"
"136","SFMTA","F-Market & Wharves [ INBOUND ]","F-Market & Wharves","MUNI"
"137","SFMTA","F-Market & Wharves [ OUTBOUND ]","F-Market & Wharves","MUNI"
"138","SFMTA","J-Church [ INBOUND ]","J-Church","MUNI"
"139","SFMTA","J-Church [ OUTBOUND ]","J-Church","MUNI"
"140","SFMTA","KT-Ingleside/Third Street [ INBOUND ]","KT-Ingleside/Third Street","MUNI"
"141","SFMTA","KT-Ingleside/Third Street [ OUTBOUND ]","KT-Ingleside/Third Street","MUNI"
"142","SFMTA","L-Taraval [ INBOUND ]","L-Taraval","MUNI"
"143","SFMTA","L-Taraval [ OUTBOUND ]","L-Taraval","MUNI"
"144","SFMTA","M-Ocean View [ INBOUND ]","M-Ocean View","MUNI"
"145","SFMTA","M-Ocean View [ OUTBOUND ]","M-Ocean View","MUNI"
"146","SFMTA","N-Judah [ INBOUND ]","N-Judah","MUNI"
"147","SFMTA","N-Judah [ OUTBOUND ]","N-Judah","MUNI"
"148","SFMTA","NX-N Express [ INBOUND ]","NX-N Express","MUNI"
"149","SFMTA","NX-N Express [ OUTBOUND ]","NX-N Express","MUNI"
"150","SFMTA","Powell/Hyde Cable Car [ INBOUND ]","Powell/Hyde Cable Car","MUNI"
"151","SFMTA","Powell/Hyde Cable Car [ OUTBOUND ]","Powell/Hyde Cable Car","MUNI"
"152","SFMTA","Powell/Mason Cable Car [ INBOUND ]","Powell/Mason Cable Car","MUNI"
"153","SFMTA","Powell/Mason Cable Car [ OUTBOUND ]","Powell/Mason Cable Car","MUNI"
"154","SFMTA","76X-Marin Headlands Express [ INBOUND ]","76X-Marin Headlands Express","MUNI"
"155","SFMTA","76X-Marin Headlands Express [ OUTBOUND ]","76X-Marin Headlands Express","MUNI"
"156","SFMTA","Missing - Dummy Record","Missing - Dummy Record","Missing"
"157","SFMTA","BART","BART","BAD REFERENCE"
"158","SFMTA","MUNI 8AX-Bayshore A Express","8AX-Bayshore A Express","MUNI"
"159","SFMTA","MUNI 14-Mission","14-Mission","MUNI"
"160","SFMTA","AC 51A Rockridge BART to Fruitvale BART","51A Rockridge BART to Fruitvale BART","AC"
"161","SFMTA","MUNI 29-Sunset","29-Sunset","MUNI"
"162","SFMTA","County Connection 11 BART Concord/BART Pleasant","11 BART Concord/BART Pleasant","County Connection"
"163","SFMTA","CALTRAIN","CALTRAIN","BAD REFERENCE"
"164","SFMTA","MUNI 9R-San Bruno Rapid","9R-San Bruno Rapid","MUNI"
"165","SFMTA","SamTrans 131 Airport/Linden - Serramonte Center","131 Airport/Linden - Serramonte Center","SamTrans"
"166","SFMTA","Golden Gate 54 San Marin - San Francisco","54 San Marin - San Francisco","Golden Gate"
"167","SFMTA","MUNI 23-Monterey","23-Monterey","MUNI"
"168","SFMTA","MUNI T OWL","T OWL","MUNI"
"169","SFMTA","MUNI 9-San Bruno","9-San Bruno","MUNI"
"170","SFMTA","Golden Gate 74 Santa Rosa - Cotati - San Francisco","74 Santa Rosa - Cotati - San Francisco","Golden Gate"
"171","SFMTA","AC O Park Ave. & Encinal Ave. Alameda","O Park Ave. & Encinal Ave. Alameda","AC"
"172","SFMTA","MUNI 1-California","1-California","MUNI"
"173","SFMTA","Golden Gate 24 Manor - Fairfax - San Francisco","24 Manor - Fairfax - San Francisco","Golden Gate"
"174","SFMTA","Emery Go-Round Hollis South","Go-Round Hollis South","Emery"
"175","SFMTA","MUNI 19-Polk","19-Polk","MUNI"
"176","SFMTA","MUNI 55-16th Street","55-16th Street","MUNI"
"177","SFMTA","MUNI 22-Fillmore","22-Fillmore","MUNI"
"178","SFMTA","MUNI L-Taraval","L-Taraval","MUNI"
"179","SFMTA","MUNI 38-Geary","38-Geary","MUNI"
"180","SFMTA","AC NL Eastmont Transit Center Oakland","NL Eastmont Transit Center Oakland","AC"
"181","SFMTA","MUNI 5-Fulton","5-Fulton","MUNI"
"182","SFMTA","MUNI 49-Van Ness/Mission","49-Van Ness/Mission","MUNI"
"183","SFMTA","MUNI 14R-Mission Rapid","14R-Mission Rapid","MUNI"
"184","SFMTA","MUNI 67-Bernal Heights","67-Bernal Heights","MUNI"
"185","SFMTA","MUNI 47-Van Ness","47-Van Ness","MUNI"
"186","SFMTA","MUNI 41-Union","41-Union","MUNI"
"187","SFMTA","MUNI 44-OShaughnessy","44-OShaughnessy","MUNI"
"188","SFMTA","MUNI 24-Divisadero","24-Divisadero","MUNI"
"189","SFMTA","MUNI 8-Bayshore","8-Bayshore","MUNI"
"190","SFMTA","SamTrans ECR Palo Alto - Daly City","ECR Palo Alto - Daly City","SamTrans"
"191","SFMTA","MUNI KT-Ingleside/Third Street","KT-Ingleside/Third Street","MUNI"
"192","SFMTA","MUNI 48-Quintara/24th Street","48-Quintara/24th Street","MUNI"
"193","SFMTA","SamTrans 121 Skyline College Daly City BART","121 Skyline College Daly City BART","SamTrans"
"194","SFMTA","MUNI 43-Masonic","43-Masonic","MUNI"
"195","SFMTA","SamTrans 120 Colma BART Daly City BART","120 Colma BART Daly City BART","SamTrans"
"196","SFMTA","MUNI 54-Felton","54-Felton","MUNI"
"197","SFMTA","MUNI M-Ocean View","M-Ocean View","MUNI"
"198","SFMTA","MUNI N-Judah","N-Judah","MUNI"
"199","SFMTA","MUNI 7-Haight/Noriega","7-Haight/Noriega","MUNI"
"200","SFMTA","SamTrans 130 South San Francisco BART Daly City BART","130 South San Francisco BART Daly City BART","SamTrans"
"201","SFMTA","MUNI 25-Treasure Island","25-Treasure Island","MUNI"
"202","SFMTA","Blue & Gold Tiburon Ferry","Tiburon Ferry","Blue & Gold"
"203","SFMTA","Golden Gate 27 San Anselmo - San Francisco","27 San Anselmo - San Francisco","Golden Gate"
"204","SFMTA","MUNI 38R-Geary Rapid","38R-Geary Rapid","MUNI"
"205","SFMTA","MUNI 30-Stockton","30-Stockton","MUNI"
"206","SFMTA","MUNI 31-Balboa","31-Balboa","MUNI"
"207","SFMTA","MUNI 33-Ashbury/18th","33-Ashbury/18th","MUNI"
"208","SFMTA","AC F UC Campus Berkeley","F UC Campus Berkeley","AC"
"209","SFMTA","MUNI 45-Union/Stockton","45-Union/Stockton","MUNI"
"210","SFMTA","MUNI 8BX-Bayshore B Express","8BX-Bayshore B Express","MUNI"
"211","SFMTA","MUNI F-Market & Wharves","F-Market & Wharves","MUNI"
"212","SFMTA","MUNI 5R-Fulton Rapid","5R-Fulton Rapid","MUNI"
"213","SFMTA","SamTrans 292 Hillsdale Shopping Center SF International Airport San Francisco","292 Hillsdale Shopping Center SF International Airport San Francisco","SamTrans"
"214","SFMTA","MUNI N OWL","N OWL","MUNI"
"215","SFMTA","MUNI 28-19th Avenue","28-19th Avenue","MUNI"
"216","SFMTA","SamTrans 110 Linda Mar Daly City BART","110 Linda Mar Daly City BART","SamTrans"
"217","SFMTA","MUNI 28R-19th Avenue Rapid","28R-19th Avenue Rapid","MUNI"
"218","SFMTA","AC NX Seminary Ave. & MacArthur Blvd.","NX Seminary Ave. & MacArthur Blvd.","AC"
"219","SFMTA","MUNI 12-Folsom/Pacific","12-Folsom/Pacific","MUNI"
"220","SFMTA","AC 70 Richmond BART to Richmond Pkwy. Transit Center","70 Richmond BART to Richmond Pkwy. Transit Center","AC"
"221","SFMTA","AC 88 Berkeley BART to Lake Merritt BART","88 Berkeley BART to Lake Merritt BART","AC"
"222","SFMTA","MUNI 6-Haight/Parnassus","6-Haight/Parnassus","MUNI"
"223","SFMTA","MUNI E-Embarcadero","E-Embarcadero","MUNI"
"224","SFMTA","MUNI 21-Hayes","21-Hayes","MUNI"
"225","SFMTA","MUNI 27-Bryant","27-Bryant","MUNI"
"226","SFMTA","AC 45 Eastmont Transit Center to Foothill Square Oakland","45 Eastmont Transit Center to Foothill Square Oakland","AC"
"227","SFMTA","MUNI J-Church","J-Church","MUNI"
"228","SFMTA","MUNI 18-46th Avenue","18-46th Avenue","MUNI"
"229","SFMTA","MUNI 57-Parkmerced","57-Parkmerced","MUNI"
"230","SFMTA","Tri Delta 300 Pittsburg BART / Brentwood Park & Ride","300 Pittsburg BART / Brentwood Park & Ride","Tri Delta"
"231","SFMTA","AC 73 Eastmont Transit Center to Oakland Airport","73 Eastmont Transit Center to Oakland Airport","AC"
"232","SFMTA","San Francisco Bay Ferry Alameda/Oakland Ferry","Alameda/Oakland Ferry","San Francisco Bay Ferry"
"233","SFMTA","San Francisco Bay Ferry Harbor Bay Ferry","Harbor Bay Ferry","San Francisco Bay Ferry"
"234","SFMTA","AC 62 West Oakland BART to Fruitvale BART","62 West Oakland BART to Fruitvale BART","AC"
"235","SFMTA","San Francisco Bay Ferry Vallejo Ferry","Vallejo Ferry","San Francisco Bay Ferry"
"236","SFMTA","AC 18 University Village Albany to Montclair","18 University Village Albany to Montclair","AC"
"237","SFMTA","AC 72 Hilltop Mall to Oakland Amtrak","72 Hilltop Mall to Oakland Amtrak","AC"
"238","SFMTA","MUNI Powell/Hyde Cable Car","Powell/Hyde Cable Car","MUNI"
"239","SFMTA","Golden Gate 2 Marin Headlands","2 Marin Headlands","Golden Gate"
"240","SFMTA","MUNI 1BX-California B Express","1BX-California B Express","MUNI"
"241","SFMTA","AC 14 Downtown Oakland to Fruitvale BART","14 Downtown Oakland to Fruitvale BART","AC"
"242","SFMTA","Marin 228 College of Marin/Indian Valley Campus","228 College of Marin/Indian Valley Campus","Marin[ ]*"
"243","SFMTA","SolTrans 4 Tuolumne St / Vallejo Transit Center","4 Tuolumne St / Vallejo Transit Center","SolTrans"
"244","SFMTA","VTA 902 Light Rail","902 Light Rail","VTA"
"245","SFMTA","MUNI 10-Townsend","10-Townsend","MUNI"
"246","SFMTA","MUNI 91-Owl","91-Owl","MUNI"
"247","SFMTA","MUNI 30X-Marina Express","30X-Marina Express","MUNI"
"248","SFMTA","MUNI 2-Clement","2-Clement","MUNI"
"249","SFMTA","AC 51B Rockridge BART to Berkeley Amtrak","51B Rockridge BART to Berkeley Amtrak","AC"
"250","SFMTA","Golden Gate 18 College of Marin - San Francisco","18 College of Marin - San Francisco","Golden Gate"
"251","SFMTA","MUNI 36-Teresita","36-Teresita","MUNI"
"252","SFMTA","MUNI 37-Corbett","37-Corbett","MUNI"
"253","SFMTA","WestCAT 15 Local - Viewpointe to Hercules Transit Center.","15 Local - Viewpointe to Hercules Transit Center.","WestCAT"
"254","SFMTA","SamTrans 141 Downtown San Bruno San Bruno BART","141 Downtown San Bruno San Bruno BART","SamTrans"
"255","SFMTA","AC 20 Dimond District Oakland to downtown Oakland","20 Dimond District Oakland to downtown Oakland","AC"
"256","SFMTA","Golden Gate 4 Mill Valley - San Francisco","4 Mill Valley - San Francisco","Golden Gate"
"257","SFMTA","Golden Gate 101 Santa Rosa - San Francisco","101 Santa Rosa - San Francisco","Golden Gate"
"258","SFMTA","MUNI Powell/Mason Cable Car","Powell/Mason Cable Car","MUNI"
"259","SFMTA","SamTrans 140 Pacific Manor San Bruno BART","140 Pacific Manor San Bruno BART","SamTrans"
"260","SFMTA","MUNI 7X-Noriega Express","7X-Noriega Express","MUNI"
"261","SFMTA","SolTrans 80 Vallejo/El Cerrito Del Norte BART","80 Vallejo/El Cerrito Del Norte BART","SolTrans"
"262","SFMTA","AC 89 San Leandro BART to Bay Fair BART","89 San Leandro BART to Bay Fair BART","AC"
"263","SFMTA","Alcatraz Hornblower Ferry","Hornblower Ferry","Alcatraz"
"264","SFMTA","MUNI 14X-Mission Express","14X-Mission Express","MUNI"
"265","SFMTA","MUNI 52-Excelsior","52-Excelsior","MUNI"
"266","SFMTA","SamTrans 260 Carlmont Village San Carlos Caltrain","260 Carlmont Village San Carlos Caltrain","SamTrans"
"267","SFMTA","Stanford Marguerite Shuttle Line S","Marguerite Shuttle Line S","Stanford"
"268","SFMTA","MUNI 31AX-Balboa A Express","31AX-Balboa A Express","MUNI"
"269","SFMTA","MUNI 7R-Haight/Noriega Rapid","7R-Haight/Noriega Rapid","MUNI"
"270","SFMTA","Emery Go-Round Shellmound/Powell","Go-Round Shellmound/Powell","Emery"
"271","SFMTA","MUNI 35-Eureka","35-Eureka","MUNI"
"272","SFMTA","MUNI S Light Rail: Castro Shuttle - Metro","S Light Rail: Castro Shuttle - Metro","MUNI"
"273","SFMTA","AC LA Hilltop Dr. Park & Ride","LA Hilltop Dr. Park & Ride","AC"
"274","SFMTA","AC FS Solano Ave. Berkeley","FS Solano Ave. Berkeley","AC"
"275","SFMTA","AC 200 Union City BART Fremont BART","200 Union City BART Fremont BART","AC"
"276","SFMTA","Other","Other","BAD REFERENCE"
"277","SFMTA","County Connection 17 BART Concord/North Concord","17 BART Concord/North Concord","County Connection"
"278","SFMTA","AC 75 San Leandro BART to Bay Fair BART","75 San Leandro BART to Bay Fair BART","AC"
"279","SFMTA","AC J Sacramento St. and University Ave. Berkeley","J Sacramento St. and University Ave. Berkeley","AC"
"280","SFMTA","WestCAT LYNX Transbay Hercules to San Francisco Transbay Terminal","LYNX Transbay Hercules to San Francisco Transbay Terminal","WestCAT"
"281","SFMTA","AC C Highland Ave. Piedmont","C Highland Ave. Piedmont","AC"
"282","SFMTA","AC S Eden Shores Hayward","S Eden Shores Hayward","AC"
"283","SFMTA","VINE 29 29 Commuter Express","29 Commuter Express","Napa Vine"
"284","SFMTA","Golden Gate 92 Manzanita Park & Ride - San Francisco","92 Manzanita Park & Ride - San Francisco","Golden Gate"
"285","SFMTA","AC L San Pablo Dam Rd.","L San Pablo Dam Rd.","AC"
"286","SFMTA","AC NX2 High St. & MacArthur Blvd.","NX2 High St. & MacArthur Blvd.","AC"
"287","SFMTA","County Connection 21 BART Walnut Creek/San Ramon","21 BART Walnut Creek/San Ramon","County Connection"
"288","SFMTA","Tri Delta 388 Pittsburg BART / Hillcrest Park & Ride","388 Pittsburg BART / Hillcrest Park & Ride","Tri Delta"
"289","SFMTA","VTA 181 SAN JOSE DIRIDON - FREMONT BART","181 SAN JOSE DIRIDON - FREMONT BART","VTA"
"290","SFMTA","MUNI 76X-Marin Headlands Express","76X-Marin Headlands Express","MUNI"
"291","SFMTA","AC 212 Fremont BART to NewPark Mall","212 Fremont BART to NewPark Mall","AC"
"292","SFMTA","PresidiGo Shuttles (Embarcadero, GG Park area)","PresidiGo Shuttles (Embarcadero, GG Park area)","PresidiGo"
"293","SFMTA","AC 11 Dimond District Oakland","11 Dimond District Oakland","AC"
"294","SFMTA","AC E Caldecott Ln. Oakland","E Caldecott Ln. Oakland","AC"
"295","SFMTA","AC W Broadway & Blanding Ave. Alameda","W Broadway & Blanding Ave. Alameda","AC"
"296","SFMTA","AC 851 All Nighter. Downtown Berkeley to Fruitvale BART","851 All Nighter. Downtown Berkeley to Fruitvale BART","AC"
"297","SFMTA","AC 46L Coliseum BART - Mountain - Golf Links Rd - Dunkirk Ave","46L Coliseum BART - Mountain - Golf Links Rd - Dunkirk Ave","AC"
"298","SFMTA","AC 65 Berkeley BART to Lawrence Hall of Science","65 Berkeley BART to Lawrence Hall of Science","AC"
"299","SFMTA","AC 386 Hayward BART to Sabre St. & Mack St. (AC Transit Hayward Division)","386 Hayward BART to Sabre St. & Mack St. (AC Transit Hayward Division)","AC"
"300","SFMTA","MUNI 66-Quintara","66-Quintara","MUNI"
"301","SFMTA","Stanford Marguerite Shuttle Line X (Counter-Clockwise)","Marguerite Shuttle Line X (Counter-Clockwise)","Stanford"
"302","SFMTA","VTA 55 DE ANZA COLLEGE - GREAT AMERICA","55 DE ANZA COLLEGE - GREAT AMERICA","VTA"
"303","SFMTA","MUNI 3-Jackson","3-Jackson","MUNI"
"304","SFMTA","MUNI California Cable Car","California Cable Car","MUNI"
"305","SFMTA","VTA 180 FREMONT BART - SAN JOSE DIRIDON STA","180 FREMONT BART - SAN JOSE DIRIDON STA","VTA"
"306","SFMTA","AC 76 El Cerrito del Norte BART to Hilltop Mall","76 El Cerrito del Norte BART to Hilltop Mall","AC"
"307","SFMTA","MUNI 90-San Bruno Owl","90-San Bruno Owl","MUNI"
"308","SFMTA","Capitol Corridor Intercity Rail","Intercity Rail","Capitol Corridor"
"309","SFMTA","AC V Broadway and Broadway Terr. Oakland","V Broadway and Broadway Terr. Oakland","AC"
"310","SFMTA","MUNI 1AX-California A Express","1AX-California A Express","MUNI"
"311","SFMTA","County Connection 25 BART Lafayette/BART Walnut Creek","25 BART Lafayette/BART Walnut Creek","County Connection"
"312","SFMTA","AC 217 Fremont BART to Great Mall","217 Fremont BART to Great Mall","AC"
"313","SFMTA","AC H Barrett Ave. & San Pablo Ave. El Cerrito","H Barrett Ave. & San Pablo Ave. El Cerrito","AC"
"314","SFMTA","WestCAT 12 Local - Hercules Trees and Flowers: Loop","12 Local - Hercules Trees and Flowers: Loop","WestCAT"
"315","SFMTA","AC 7 El Cerrito del Norte BART","7 El Cerrito del Norte BART","AC"
"316","SFMTA","Golden Gate 72 Santa Rosa - Rohnert Park - San Francisco","72 Santa Rosa - Rohnert Park - San Francisco","Golden Gate"
"317","SFMTA","WestCAT JL Express - Del Norte BART/Hilltop Shopping Center","JL Express - Del Norte BART/Hilltop Shopping Center","WestCAT"
"318","SFMTA","AC 97 Bay Fair BART to Union City BART","97 Bay Fair BART to Union City BART","AC"
"319","SFMTA","AC NX3 Marlow Dr. & Foothill Way Oakland","NX3 Marlow Dr. & Foothill Way Oakland","AC"
"320","SFMTA","SamTrans 112 Linda Mar Colma BART","112 Linda Mar Colma BART","SamTrans"
"321","SFMTA","SamTrans 122 South San Francisco BART Stonestown","122 South San Francisco BART Stonestown","SamTrans"
"322","SFMTA","AC 98 Coliseum BART Edgewater Dr.","98 Coliseum BART Edgewater Dr.","AC"
"323","SFMTA","AC 1 Berkeley BART to Bay Fair BART","1 Berkeley BART to Bay Fair BART","AC"
"324","SFMTA","Golden Gate Ferry Larkspur Ferry","Ferry Larkspur Ferry","Golden Gate"
"325","SFMTA","VTA 22 EASTRIDGE - PALO ALTO/MENLO PARK","22 EASTRIDGE - PALO ALTO/MENLO PARK","VTA"
"326","SFMTA","Blue & Gold Sausalito Ferry","Sausalito Ferry","Blue & Gold"
"327","SFMTA","County Connection 7 Shadelands/BART Pleasant Hill/BART Walnut Creek","7 Shadelands/BART Pleasant Hill/BART Walnut Creek","County Connection"
"328","SFMTA","AC 40 Downtown Oakland to Bay Fair BART","40 Downtown Oakland to Bay Fair BART","AC"
"329","SFMTA","AC NX4 Castro Valley Park & Ride","NX4 Castro Valley Park & Ride","AC"
"330","SFMTA","AC CB Warren Freeway and Broadway Terr. Oakland","CB Warren Freeway and Broadway Terr. Oakland","AC"
"331","SFMTA","Altamont Commuter Express (ACE) Westbound Stockton/San Jose","Westbound Stockton/San Jose","ACE"
"332","SFMTA","AC P Highland Ave. & Highland Way Piedmont","P Highland Ave. & Highland Way Piedmont","AC"
"333","SFMTA","Fairfield and Suisun Transit (FAST) 90 Fairfield - El Cerrito Del Norte BART","90 Fairfield - El Cerrito Del Norte BART","FAST"
"334","SFMTA","Angel Island-Tiburon Ferry","Angel Island-Tiburon Ferry","Angel Island-Tiburon Ferry"
"335","SFMTA","AC 46 Coliseum BART to Oakland Zoo","46 Coliseum BART to Oakland Zoo","AC"
"336","SFMTA","Union City 1 Alvarado-Niles: Union City Blvd / Dyer","1 Alvarado-Niles: Union City Blvd / Dyer","Union City"
"337","SFMTA","County Connection 28 BART North Concord/Martinez","28 BART North Concord/Martinez","County Connection"
"338","SFMTA","County Connection Alamo Creek Shuttle","Alamo Creek Shuttle","County Connection"
"339","SFMTA","County Connection 9 DVC/BART Walnut Creek","9 DVC/BART Walnut Creek","County Connection"
"340","SFMTA","County Connection 36 San Ramon/BART Dublin","36 San Ramon/BART Dublin","County Connection"
"341","SFMTA","MUNI NX-N Express","NX-N Express","MUNI"
"342","SFMTA","AC 74 Marina Bay Richmond to San Pablo Dam Rd. El Sobrante","74 Marina Bay Richmond to San Pablo Dam Rd. El Sobrante","AC"
"343","SFMTA","County Connection 10 BART Concord/Clayton","10 BART Concord/Clayton","County Connection"
"344","SFMTA","Golden Gate 70 Novato - San Francisco","70 Novato - San Francisco","Golden Gate"
"345","SFMTA","AC 376 El Cerrito Del Norte BART to Richmond Parkway Transit Center","376 El Cerrito Del Norte BART to Richmond Parkway Transit Center","AC"
"346","SFMTA","AC G Richmond St. & Potrero St. El Cerrito","G Richmond St. & Potrero St. El Cerrito","AC"
"347","SFMTA","AC 26 Emery Bay Public Market to Lakeshore Ave.","26 Emery Bay Public Market to Lakeshore Ave.","AC"
"348","SFMTA","MUNI 38AX-Geary A Express","38AX-Geary A Express","MUNI"
"349","SFMTA","AC 57 Emeryville to Foothill Square Oakland","57 Emeryville to Foothill Square Oakland","AC"
"350","SFMTA","SamTrans 398 San Bruno BART - Redwood City Transit Center","398 San Bruno BART - Redwood City Transit Center","SamTrans"
"351","SFMTA","AC 48 Hayward BART to Bay Fair BART","48 Hayward BART to Bay Fair BART","AC"
"352","SFMTA","AC 85 San Leandro BART to South Hayward BART","85 San Leandro BART to South Hayward BART","AC"
"353","SFMTA","VTA 32 STA CLARA CTRN -SN ANTONIO SHOP CTR","32 STA CLARA CTRN -SN ANTONIO SHOP CTR","VTA"
"354","SFMTA","VTA 60 WINCHESTER LRT - GT AMERICA","60 WINCHESTER LRT - GT AMERICA","VTA"
"355","SFMTA","AC 800 All Nighter. Richmond BART to Market St. and Van Ness Ave. S.F.","800 All Nighter. Richmond BART to Market St. and Van Ness Ave. S.F.","AC"
"356","SFMTA","VTA 64 ALMADEN LRT - MCKEE & WHITE","64 ALMADEN LRT - MCKEE & WHITE","VTA"
"358","SFMTA","Blue & Gold Harbor Bay","Harbor Bay","Harbor Bay"
"359","SFMTA","Livermore Amadore Transit","Transit","Livermore Amadore"
"360","SFMTA","Livermore Amadore 10R","10R","Livermore Amadore"
"361","SFMTA","Bart JR","Bart JR","BAD REFERENCE"
"362","SFMTA","Lynx","Lynx","BAD REFERENCE"
"382","SFMTA","Golden Gate 97 Larkspur Ferry Terminal - San Francisco","97 Larkspur Ferry Terminal - San Francisco","Golden Gate"
"398","SFMTA","County Connection 35 BART Dublin/San Ramon","35 BART Dublin/San Ramon","County Connection"
"407","SFMTA","WestCAT JPX Express - Del Norte BART to Hercules Transit Center","JPX Express - Del Norte BART to Hercules Transit Center","WestCAT"
"421","SFMTA","MUNI 83X-Mid-Market Express","83X-Mid-Market Express","MUNI"
"487","SFMTA","MUNI 82X-Levi Plaza Express","82X-Levi Plaza Express","MUNI"
"507","SFMTA","MUNI 38BX-Geary B Express","38BX-Geary B Express","MUNI"
"509","SFMTA","Golden Gate Ferry Sausalito Ferry","Ferry Sausalito Ferry","Golden Gate"
"510","SFMTA","MUNI 39-Coit","39-Coit","MUNI"
"512","SFMTA","Genentech Shuttle (Glen Park, others)","Genentech Shuttle (Glen Park, others)","Genentech"
"516","SFMTA","UCSF Shuttle - Mission Bay, Parnassus (16th St)","Shuttle - Mission Bay, Parnassus (16th St)","UCSF"
"519","SFMTA","AC SB Cedar Blvd. & Stevenson Blvd. Newark","SB Cedar Blvd. & Stevenson Blvd. Newark","AC"
"525","SFMTA","Facebook Shuttle (Ashby, MacArthur)","Facebook Shuttle (Ashby, MacArthur)","Facebook"
"526","SFMTA","Golden Gate 101X Santa Rosa - San Francisco","101X Santa Rosa - San Francisco","Golden Gate"
"527","SFMTA","San Francisco State (SFSU) Shuttle (Daly City)","San Francisco State (SFSU) Shuttle (Daly City)","SFSU"
"530","SFMTA","AC B Lakeshore Ave. Oakland","B Lakeshore Ave. Oakland","AC"
"534","SFMTA","AC NX1 Fruitvale Ave. & MacArthur Blvd.","NX1 Fruitvale Ave. & MacArthur Blvd.","AC"
"538","SFMTA","Stanford Marguerite Shuttle Bohannon","Marguerite Shuttle Bohannon","Stanford"
"539","SFMTA","MUNI L OWL","L OWL","MUNI"
"558","SFMTA","MUNI K OWL","K OWL","MUNI"
"560","SFMTA","Brisbain Crocker Park Bart","Brisbain Crocker Park Bart","BAD REFERENCE"
"561","SFMTA","Apple bus","Apple bus","Apple"
"565","SFMTA","Stanford Marguerite Shuttle Line P","Marguerite Shuttle Line P","Stanford"
"566","SFMTA","Stanford Marguerite Shuttle Research Park","Marguerite Shuttle Research Park","Stanford"
"567","SFMTA","SamTrans 270 Redwood City Caltrain Station Marsh Road (Menlo Park)","270 Redwood City Caltrain Station Marsh Road (Menlo Park)","SamTrans"
"586","SFMTA","AC 54 Fruitvale BART to Merritt College","54 Fruitvale BART to Merritt College","AC"
"594","SFMTA","AC 12 Berkeley BART to Downtown Oakland","12 Berkeley BART to Downtown Oakland","AC"
"615","SFMTA","Burlingame Trolley Shuttle (hotels to downtown Burlingame)","Burlingame Trolley Shuttle (hotels to downtown Burlingame)","Burlingame"
"618","SFMTA","Marin 233 Santa Venetia Shuttle","233 Santa Venetia Shuttle","Marin[ ]*"
"619","SFMTA","County Connection 627 BART North Concord/Mason Cir","627 BART North Concord/Mason Cir","County Connection"
"624","SFMTA","MUNI 56-Rutland","56-Rutland","MUNI"
"625","SFMTA","VTA 40 LA AVENIDA - SN ANTONIO SHOP CTR","40 LA AVENIDA - SN ANTONIO SHOP CTR","VTA"
"626","SFMTA","VTA 900 Light Rail","900 Light Rail","VTA"
"627","SFMTA","SamTrans 256 Hillsdale Mall - Foster City","256 Hillsdale Mall - Foster City","SamTrans"
"628","SFMTA","Caltrain Shuttle","Caltrain Shuttle","Caltrain"
"629","SFMTA","SamTrans 281 Stanford Shopping Center Palo Alto Caltrain East Palo Alto","281 Stanford Shopping Center Palo Alto Caltrain East Palo Alto","SamTrans"
"631","SFMTA","AC 99 Bay Fair BART to Fremont BART","99 Bay Fair BART to Fremont BART","AC"
"632","SFMTA","SamTrans 295 Downtown San Mateo Menlo Park","295 Downtown San Mateo Menlo Park","SamTrans"
"633","SFMTA","VTA 901 Light Rail","901 Light Rail","VTA"
"634","SFMTA","Stanford Marguerite Shuttle Line Y (Clockwise)","Marguerite Shuttle Line Y (Clockwise)","Stanford"
"635","SFMTA","SamTrans 276 Redwood City Transit Center - Florence/17th","276 Redwood City Transit Center - Florence/17th","SamTrans"
"638","SFMTA","SamTrans SCS","SCS","SamTrans"
"640","SFMTA","County Connection 15 Treat Blvd","15 Treat Blvd","County Connection"
"641","SFMTA","AC 83 Hayward BART to South Hayward BART","83 Hayward BART to South Hayward BART","AC"
"643","SFMTA","County Connection 2 Rudgear/BART Walnut Creek","2 Rudgear/BART Walnut Creek","County Connection"
"644","SFMTA","Harbor Bay Shuttle (Coliseum)","Harbor Bay Shuttle (Coliseum)","Harbor Bay"
"645","SFMTA","Tri Delta 391 Pittsburg BART / Brentwood Park & Ride","391 Pittsburg BART / Brentwood Park & Ride","Tri Delta"
"646","SFMTA","County Connection 1M Walnut Creek BART/Marchbanks","1M Walnut Creek BART/Marchbanks","County Connection"
"647","SFMTA","Tri Delta 380 Pittsburg BART / Antioch","380 Pittsburg BART / Antioch","Tri Delta"
"649","SFMTA","Emery Go-Round Hollis","Go-Round Hollis","Emery"
"651","SFMTA","AC 72M Point Richmond to Oakland Amtrak","72M Point Richmond to Oakland Amtrak","AC"
"653","SFMTA","AC 49 Rockridge BART to Berkeley BART","49 Rockridge BART to Berkeley BART","AC"
"654","SFMTA","Capitol Corridor Shuttle Bus","Shuttle Bus","Capitol Corridor"
"659","SFMTA","VTA 89 CALIFORNIA AVE CTRN-VETS HOSPITAL","89 CALIFORNIA AVE CTRN-VETS HOSPITAL","VTA"
"661","SFMTA","VTA 522 EASTRIDGE - PALO ALTO","522 EASTRIDGE - PALO ALTO","VTA"
"663","SFMTA","SamTrans 296 Redwood City East Palo Alto","296 Redwood City East Palo Alto","SamTrans"
"669","SFMTA","AC 239 Fremont BART to Warm Springs Blvd. & Dixon Landing Rd.","239 Fremont BART to Warm Springs Blvd. & Dixon Landing Rd.","AC"
"672","SFMTA","Union City 2 Whipple","2 Whipple","Union City"
"679","SFMTA","AC 22 Hayward BART","22 Hayward BART","AC"
"685","SFMTA","AC 60 Hayward BART to Cal State East Bay","60 Hayward BART to Cal State East Bay","AC"
"686","SFMTA","WestCAT JX Express - Del Norte BART to Hercules Transit Center","JX Express - Del Norte BART to Hercules Transit Center","WestCAT"
"690","SFMTA","VTA 201 DASH Downtown Area Shuttle","201 DASH Downtown Area Shuttle","VTA"
"699","SFMTA","AC 47 Fruitvale BART to Maxwell Park","47 Fruitvale BART to Maxwell Park","AC"
"700","SFMTA","SamTrans 275 Woodside/Fernside - Redwood City Transit Center","275 Woodside/Fernside - Redwood City Transit Center","SamTrans"
"702","SFMTA","AC 72R San Pablo Rapid -- Contra Costa College to Jack London Square","72R San Pablo Rapid -- Contra Costa College to Jack London Square","AC"
"703","SFMTA","LBL / Lawrence Berkeley Lab Shuttle (Downtown Berkeley, Rockridge)","LBL / Lawrence Berkeley Lab Shuttle (Downtown Berkeley, Rockridge)","LBL"
"708","SFMTA","County Connection 5 Creekside/BART Walnut Creek","5 Creekside/BART Walnut Creek","County Connection"
"710","SFMTA","10R Livermore Amador Valley Transit","10R Livermore Amador Valley Transit","MUNI"
"711","SFMTA","Marin36","36","Marin[ ]*"
"713","SFMTA","Golden Gate 17 San Rafael - Sausalito","17 San Rafael - Sausalito","Golden Gate"
"720","SFMTA","SamTrans 250 Downtown San Mateo College of San Mateo","250 Downtown San Mateo College of San Mateo","SamTrans"
"723","SFMTA","VTA 70 CAPITOL LRT STN - GREAT MALL/MAIN","70 CAPITOL LRT STN - GREAT MALL/MAIN","VTA"
"730","SFMTA","SolTrans 7 Target Shopping Center/Vallejo Transit Center","7 Target Shopping Center/Vallejo Transit Center","SolTrans"
"733","SFMTA","VTA 65 KOOSER & MERIDIAN - DOWNTOWN S.J.","65 KOOSER & MERIDIAN - DOWNTOWN S.J.","VTA"
"738","SFMTA","Golden Gate 29 San Rafael - Larkspur Landing - Fairfax - Manor","29 San Rafael - Larkspur Landing - Fairfax - Manor","Golden Gate"
"742","SFMTA","10-Townsend","10-Townsend","MUNI"
"743","SFMTA","12-Folsom/Pacific","12-Folsom/Pacific","MUNI"
"744","SFMTA","14-Mission","14-Mission","MUNI"
"745","SFMTA","14R-Mission Rapid","14R-Mission Rapid","MUNI"
"746","SFMTA","14X-Mission Express","14X-Mission Express","MUNI"
"747","SFMTA","18-46th Avenue","18-46th Avenue","MUNI"
"748","SFMTA","19-Polk","19-Polk","MUNI"
"749","SFMTA","1AX-California A Express","1AX-California A Express","MUNI"
"750","SFMTA","1BX-California B Express","1BX-California B Express","MUNI"
"751","SFMTA","1-California","1-California","MUNI"
"752","SFMTA","21-Hayes","21-Hayes","MUNI"
"753","SFMTA","22-Fillmore","22-Fillmore","MUNI"
"754","SFMTA","23-Monterey","23-Monterey","MUNI"
"755","SFMTA","24-Divisadero","24-Divisadero","MUNI"
"756","SFMTA","25-Treasure Island","25-Treasure Island","MUNI"
"757","SFMTA","27-Bryant","27-Bryant","MUNI"
"758","SFMTA","28-19th Avenue","28-19th Avenue","MUNI"
"759","SFMTA","28R-19th Avenue Rapid","28R-19th Avenue Rapid","MUNI"
"760","SFMTA","29-Sunset","29-Sunset","MUNI"
"761","SFMTA","2-Clement","2-Clement","MUNI"
"762","SFMTA","30-Stockton","30-Stockton","MUNI"
"763","SFMTA","30X-Marina Express","30X-Marina Express","MUNI"
"764","SFMTA","31AX-Balboa A Express","31AX-Balboa A Express","MUNI"
"765","SFMTA","31-Balboa","31-Balboa","MUNI"
"766","SFMTA","31BX-Balboa B Express","31BX-Balboa B Express","MUNI"
"767","SFMTA","33-Ashbury/18th","33-Ashbury/18th","MUNI"
"768","SFMTA","35-Eureka","35-Eureka","MUNI"
"769","SFMTA","36-Teresita","36-Teresita","MUNI"
"770","SFMTA","37-Corbett","37-Corbett","MUNI"
"771","SFMTA","38AX-Geary A Express","38AX-Geary A Express","MUNI"
"772","SFMTA","38BX-Geary B Express","38BX-Geary B Express","MUNI"
"773","SFMTA","38-Geary","38-Geary","MUNI"
"774","SFMTA","38R-Geary Rapid","38R-Geary Rapid","MUNI"
"775","SFMTA","39-Coit","39-Coit","MUNI"
"776","SFMTA","3-Jackson","3-Jackson","MUNI"
"777","SFMTA","41-Union","41-Union","MUNI"
"778","SFMTA","43-Masonic","43-Masonic","MUNI"
"779","SFMTA","44-OShaughnessy","44-OShaughnessy","MUNI"
"780","SFMTA","45-Union/Stockton","45-Union/Stockton","MUNI"
"781","SFMTA","47-Van Ness","47-Van Ness","MUNI"
"782","SFMTA","48-Quintara/24th Street","48-Quintara/24th Street","MUNI"
"783","SFMTA","49-Van Ness/Mission","49-Van Ness/Mission","MUNI"
"784","SFMTA","52-Excelsior","52-Excelsior","MUNI"
"785","SFMTA","54-Felton","54-Felton","MUNI"
"786","SFMTA","55-16th Street","55-16th Street","MUNI"
"787","SFMTA","56-Rutland","56-Rutland","MUNI"
"788","SFMTA","57-Parkmerced","57-Parkmerced","MUNI"
"789","SFMTA","5-Fulton","5-Fulton","MUNI"
"790","SFMTA","5R-Fulton Rapid","5R-Fulton Rapid","MUNI"
"791","SFMTA","66-Quintara","66-Quintara","MUNI"
"792","SFMTA","67-Bernal Heights","67-Bernal Heights","MUNI"
"793","SFMTA","6-Haight/Parnassus","6-Haight/Parnassus","MUNI"
"794","SFMTA","7-Haight/Noriega","7-Haight/Noriega","MUNI"
"795","SFMTA","7R-Haight/Noriega Rapid","7R-Haight/Noriega Rapid","MUNI"
"796","SFMTA","7X-Noriega Express","7X-Noriega Express","MUNI"
"797","SFMTA","81X-Caltrain Express","81X-Caltrain Express","Caltrain"
"798","SFMTA","82X-Levi Plaza Express","82X-Levi Plaza Express","MUNI"
"799","SFMTA","83X-Mid-Market Express","83X-Mid-Market Express","MUNI"
"800","SFMTA","88-BART Shuttle","88-BART Shuttle","MUNI"
"801","SFMTA","8AX-Bayshore A Express","8AX-Bayshore A Express","MUNI"
"802","SFMTA","8-Bayshore","8-Bayshore","MUNI"
"803","SFMTA","8BX-Bayshore B Express","8BX-Bayshore B Express","MUNI"
"804","SFMTA","90-San Bruno Owl","90-San Bruno Owl","MUNI"
"805","SFMTA","91-Owl","91-Owl","MUNI"
"806","SFMTA","9R-San Bruno Rapid","9R-San Bruno Rapid","MUNI"
"807","SFMTA","9-San Bruno","9-San Bruno","MUNI"
"808","SFMTA","California-","California-","BAD REFERENCE"
"809","SFMTA","E-Embarcadero","E-Embarcadero","MUNI"
"810","SFMTA","F-Market & Wharves","F-Market & Wharves","MUNI"
"811","SFMTA","J-Church","J-Church","MUNI"
"812","SFMTA","KT-Ingleside/Third Street","KT-Ingleside/Third Street","MUNI"
"813","SFMTA","L-Taraval","L-Taraval","MUNI"
"814","SFMTA","M-Ocean View","M-Ocean View","MUNI"
"815","SFMTA","N-Judah","N-Judah","MUNI"
"816","SFMTA","NX-N Express","NX-N Express","MUNI"
"817","SFMTA","Powell-Hyde","Powell-Hyde","BAD REFERENCE"
"818","SFMTA","POWELL-MASON","POWELL-MASON","MUNI"
"819","SFMTA","-","-","Missing"
"821","SFMTA","INBOUND","INBOUND","BAD REFERENCE"
"822","SFMTA","OUTBOUND","OUTBOUND","BAD REFERENCE"
